Protocol,Swarm_Scale_N,Environment,Sample_Size,Mean_T95_Seconds,Mean_Terminal_Coverage_Pct,Avg_Collisions,Avg_Latency_Ms,Success_Rate_Pct
Vel,10,"Open Rubble",1,180.00,7.91,0.0,1.21,0.0
Vel,10,"Collapse Grid",1,180.00,6.74,0.0,1.20,0.0
Vel,10,"Narrow Corridors",1,180.00,7.61,0.0,1.21,0.0
Vel,10,"Signal Barriers",1,180.00,5.72,0.0,1.21,0.0
Vel,10,"Turbulence Zone",1,180.00,21.39,602.0,1.21,0.0
Vel,20,"Open Rubble",1,180.00,17.00,0.0,1.24,0.0
Vel,20,"Collapse Grid",1,180.00,14.58,0.0,1.21,0.0
Vel,20,"Narrow Corridors",1,180.00,16.40,0.0,1.22,0.0
Vel,20,"Signal Barriers",1,180.00,14.03,0.0,1.21,0.0
Vel,20,"Turbulence Zone",1,180.00,28.94,1237.0,1.21,0.0
Vel,50,"Open Rubble",1,180.00,40.78,0.0,1.24,0.0
Vel,50,"Collapse Grid",1,180.00,37.46,0.0,1.24,0.0
Vel,50,"Narrow Corridors",1,180.00,40.21,0.0,1.25,0.0
Vel,50,"Signal Barriers",1,180.00,35.44,0.0,1.24,0.0
Vel,50,"Turbulence Zone",1,180.00,47.13,2611.0,1.24,0.0
Vel,100,"Open Rubble",1,180.00,75.22,5.0,1.34,0.0
Vel,100,"Collapse Grid",1,180.00,72.13,0.0,1.36,0.0
Vel,100,"Narrow Corridors",1,180.00,74.97,0.0,1.34,0.0
Vel,100,"Signal Barriers",1,180.00,72.77,0.0,1.42,0.0
Vel,100,"Turbulence Zone",1,180.00,64.21,4822.0,1.40,0.0
Vel,200,"Open Rubble",1,16.00,99.74,217.0,2.02,100.0
Vel,200,"Collapse Grid",1,18.00,99.63,188.0,1.80,100.0
Vel,200,"Narrow Corridors",1,13.00,99.75,225.0,1.76,100.0
Vel,200,"Signal Barriers",1,14.00,99.65,227.0,1.89,100.0
Vel,200,"Turbulence Zone",1,180.00,94.11,9883.0,1.77,0.0
CPP,10,"Open Rubble",1,180.00,45.54,1166.0,0.50,0.0
CPP,10,"Collapse Grid",1,180.00,46.36,1160.0,0.50,0.0
CPP,10,"Narrow Corridors",1,180.00,47.61,1160.0,0.50,0.0
CPP,10,"Signal Barriers",1,180.00,44.31,1144.0,0.50,0.0
CPP,10,"Turbulence Zone",1,180.00,47.41,1176.0,0.50,0.0
CPP,20,"Open Rubble",1,180.00,73.81,2299.0,2.00,0.0
CPP,20,"Collapse Grid",1,180.00,76.49,2296.0,2.00,0.0
CPP,20,"Narrow Corridors",1,180.00,74.63,2321.0,2.00,0.0
CPP,20,"Signal Barriers",1,180.00,72.46,2307.0,2.00,0.0
CPP,20,"Turbulence Zone",1,180.00,75.39,2327.0,2.00,0.0
CPP,50,"Open Rubble",1,70.00,98.62,5737.0,12.50,100.0
CPP,50,"Collapse Grid",1,71.00,98.04,5763.0,12.50,100.0
CPP,50,"Narrow Corridors",1,68.00,99.10,5791.0,12.50,100.0
CPP,50,"Signal Barriers",1,70.00,97.90,5771.0,12.50,100.0
CPP,50,"Turbulence Zone",1,68.00,98.91,5787.0,12.50,100.0
CPP,100,"Open Rubble",1,66.00,99.99,11554.0,50.00,100.0
CPP,100,"Collapse Grid",1,67.00,100.00,11480.0,50.00,100.0
CPP,100,"Narrow Corridors",1,66.00,99.90,11538.0,50.00,100.0
CPP,100,"Signal Barriers",1,66.00,99.87,11557.0,50.00,100.0
CPP,100,"Turbulence Zone",1,65.00,99.98,11530.0,50.00,100.0
CPP,200,"Open Rubble",1,65.00,100.00,23084.0,200.00,100.0
CPP,200,"Collapse Grid",1,64.00,100.00,23131.0,200.00,100.0
CPP,200,"Narrow Corridors",1,64.00,100.00,23060.0,200.00,100.0
CPP,200,"Signal Barriers",1,65.00,100.00,23135.0,200.00,100.0
CPP,200,"Turbulence Zone",1,64.00,100.00,23067.0,200.00,100.0
RandomWalk,10,"Open Rubble",1,180.00,12.38,0.0,0.10,0.0
RandomWalk,10,"Collapse Grid",1,180.00,9.24,0.0,0.10,0.0
RandomWalk,10,"Narrow Corridors",1,180.00,6.14,0.0,0.10,0.0
RandomWalk,10,"Signal Barriers",1,180.00,8.07,0.0,0.10,0.0
RandomWalk,10,"Turbulence Zone",1,180.00,7.41,0.0,0.10,0.0
RandomWalk,20,"Open Rubble",1,180.00,13.57,0.0,0.10,0.0
RandomWalk,20,"Collapse Grid",1,180.00,8.16,0.0,0.10,0.0
RandomWalk,20,"Narrow Corridors",1,180.00,12.78,0.0,0.10,0.0
RandomWalk,20,"Signal Barriers",1,180.00,11.28,0.0,0.10,0.0
RandomWalk,20,"Turbulence Zone",1,180.00,8.89,0.0,0.10,0.0
RandomWalk,50,"Open Rubble",1,180.00,15.24,0.0,0.10,0.0
RandomWalk,50,"Collapse Grid",1,180.00,15.39,0.0,0.10,0.0
RandomWalk,50,"Narrow Corridors",1,180.00,17.37,0.0,0.10,0.0
RandomWalk,50,"Signal Barriers",1,180.00,10.32,0.0,0.10,0.0
RandomWalk,50,"Turbulence Zone",1,180.00,17.46,0.0,0.10,0.0
RandomWalk,100,"Open Rubble",1,180.00,18.72,0.0,0.10,0.0
RandomWalk,100,"Collapse Grid",1,180.00,18.13,0.0,0.10,0.0
RandomWalk,100,"Narrow Corridors",1,180.00,20.54,0.0,0.10,0.0
RandomWalk,100,"Signal Barriers",1,180.00,18.36,0.0,0.10,0.0
RandomWalk,100,"Turbulence Zone",1,180.00,21.17,0.0,0.10,0.0
RandomWalk,200,"Open Rubble",1,180.00,26.95,0.0,0.10,0.0
RandomWalk,200,"Collapse Grid",1,180.00,23.79,0.0,0.10,0.0
RandomWalk,200,"Narrow Corridors",1,180.00,25.50,0.0,0.10,0.0
RandomWalk,200,"Signal Barriers",1,180.00,20.01,0.0,0.10,0.0
RandomWalk,200,"Turbulence Zone",1,180.00,22.36,0.0,0.10,0.0
Boids,10,"Open Rubble",1,180.00,8.40,0.0,0.80,0.0
Boids,10,"Collapse Grid",1,180.00,10.97,250.0,0.80,0.0
Boids,10,"Narrow Corridors",1,180.00,14.24,0.0,0.80,0.0
Boids,10,"Signal Barriers",1,180.00,10.60,0.0,0.80,0.0
Boids,10,"Turbulence Zone",1,180.00,5.86,0.0,0.80,0.0
Boids,20,"Open Rubble",1,180.00,13.60,0.0,0.80,0.0
Boids,20,"Collapse Grid",1,180.00,6.39,0.0,0.80,0.0
Boids,20,"Narrow Corridors",1,180.00,11.15,0.0,0.80,0.0
Boids,20,"Signal Barriers",1,180.00,12.13,0.0,0.81,0.0
Boids,20,"Turbulence Zone",1,180.00,12.35,0.0,0.80,0.0
Boids,50,"Open Rubble",1,180.00,8.00,0.0,0.82,0.0
Boids,50,"Collapse Grid",1,180.00,8.57,0.0,0.82,0.0
Boids,50,"Narrow Corridors",1,180.00,8.74,0.0,0.82,0.0
Boids,50,"Signal Barriers",1,180.00,7.07,0.0,0.82,0.0
Boids,50,"Turbulence Zone",1,180.00,5.91,0.0,0.82,0.0
Boids,100,"Open Rubble",1,180.00,10.50,0.0,0.86,0.0
Boids,100,"Collapse Grid",1,180.00,10.61,0.0,0.86,0.0
Boids,100,"Narrow Corridors",1,180.00,9.19,0.0,0.86,0.0
Boids,100,"Signal Barriers",1,180.00,7.96,0.0,0.86,0.0
Boids,100,"Turbulence Zone",1,180.00,6.78,0.0,0.87,0.0
Boids,200,"Open Rubble",1,180.00,10.48,0.0,1.06,0.0
Boids,200,"Collapse Grid",1,180.00,9.51,0.0,1.06,0.0
Boids,200,"Narrow Corridors",1,180.00,9.48,0.0,1.08,0.0
Boids,200,"Signal Barriers",1,180.00,8.47,0.0,1.04,0.0
Boids,200,"Turbulence Zone",1,180.00,8.01,0.0,1.07,0.0
