trial_id,protocol,n_agents,environment,t95_seconds,terminal_coverage_pct,success_status,boundary_collisions,avg_latency_ms
1,Vel,10,Open Rubble,180,8.56,false,0,1.21
2,Vel,10,Collapse Grid,180,7.66,false,0,1.21
3,Vel,10,Narrow Corridors,180,8.2,false,0,1.2
4,Vel,10,Signal Barriers,180,7.42,false,0,1.21
5,Vel,10,Turbulence Zone,180,21.89,false,643,1.2
6,Vel,20,Open Rubble,180,15.56,false,0,1.22
7,Vel,20,Collapse Grid,180,16.22,false,0,1.21
8,Vel,20,Narrow Corridors,180,16.93,false,0,1.22
9,Vel,20,Signal Barriers,180,15.02,false,0,1.21
10,Vel,20,Turbulence Zone,180,29.68,false,1203,1.22
11,Vel,50,Open Rubble,180,41.19,false,0,1.29
12,Vel,50,Collapse Grid,180,40.62,false,0,1.3
13,Vel,50,Narrow Corridors,180,41.28,false,0,1.29
14,Vel,50,Signal Barriers,180,41.16,false,0,1.28
15,Vel,50,Turbulence Zone,180,45.61,false,2644,1.29
16,Vel,100,Open Rubble,180,74.43,false,0,1.52
17,Vel,100,Collapse Grid,180,74.8,false,0,1.51
18,Vel,100,Narrow Corridors,180,75.1,false,0,1.55
19,Vel,100,Signal Barriers,180,74.68,false,0,1.51
20,Vel,100,Turbulence Zone,180,63.6,false,4867,1.5
21,Vel,200,Open Rubble,14,95.01,true,207,2.44
22,Vel,200,Collapse Grid,11,95.37,true,182,2.5
23,Vel,200,Narrow Corridors,13,95.11,true,164,2.6
24,Vel,200,Signal Barriers,12,95.53,true,222,2.52
25,Vel,200,Turbulence Zone,12,95.32,true,182,2.53
26,CPP,10,Open Rubble,180,47.27,false,1137,0.5
27,CPP,10,Collapse Grid,180,47.04,false,1162,0.5
28,CPP,10,Narrow Corridors,180,47.3,false,1144,0.5
29,CPP,10,Signal Barriers,180,46.24,false,1155,0.5
30,CPP,10,Turbulence Zone,180,47.3,false,1151,0.5
31,CPP,20,Open Rubble,180,75.2,false,2295,2
32,CPP,20,Collapse Grid,180,73.74,false,2325,2
33,CPP,20,Narrow Corridors,180,75.31,false,2315,2
34,CPP,20,Signal Barriers,180,74.72,false,2296,2
35,CPP,20,Turbulence Zone,180,75.57,false,2333,2
36,CPP,50,Open Rubble,69,95.53,true,336,12.5
37,CPP,50,Collapse Grid,71,95.59,true,409,12.5
38,CPP,50,Narrow Corridors,72,95.67,true,452,12.5
39,CPP,50,Signal Barriers,69,95.68,true,318,12.5
40,CPP,50,Turbulence Zone,70,95.27,true,376,12.5
41,CPP,100,Open Rubble,66,95.84,true,414,50
42,CPP,100,Collapse Grid,66,95.82,true,454,50
43,CPP,100,Narrow Corridors,66,95.33,true,421,50
44,CPP,100,Signal Barriers,66,95.49,true,405,50
45,CPP,100,Turbulence Zone,65,95.39,true,381,50
46,CPP,200,Open Rubble,64,95.12,true,557,200
47,CPP,200,Collapse Grid,64,95.16,true,544,200
48,CPP,200,Narrow Corridors,64,95.73,true,616,200
49,CPP,200,Signal Barriers,65,95.57,true,677,200
50,CPP,200,Turbulence Zone,64,95.11,true,561,200
51,RandomWalk,10,Open Rubble,180,12.75,false,0,0.1
52,RandomWalk,10,Collapse Grid,180,9.3,false,0,0.1
53,RandomWalk,10,Narrow Corridors,180,8.93,false,0,0.1
54,RandomWalk,10,Signal Barriers,180,8.62,false,0,0.1
55,RandomWalk,10,Turbulence Zone,180,9.08,false,0,0.1
56,RandomWalk,20,Open Rubble,180,10.87,false,0,0.1
57,RandomWalk,20,Collapse Grid,180,10.32,false,0,0.1
58,RandomWalk,20,Narrow Corridors,180,9,false,0,0.1
59,RandomWalk,20,Signal Barriers,180,10.42,false,0,0.1
60,RandomWalk,20,Turbulence Zone,180,13.12,false,0,0.1
61,RandomWalk,50,Open Rubble,180,15.44,false,0,0.1
62,RandomWalk,50,Collapse Grid,180,17.51,false,0,0.1
63,RandomWalk,50,Narrow Corridors,180,17.03,false,0,0.1
64,RandomWalk,50,Signal Barriers,180,16.6,false,0,0.1
65,RandomWalk,50,Turbulence Zone,180,18.41,false,0,0.1
66,RandomWalk,100,Open Rubble,180,20.38,false,0,0.1
67,RandomWalk,100,Collapse Grid,180,22.73,false,0,0.1
68,RandomWalk,100,Narrow Corridors,180,20.4,false,0,0.1
69,RandomWalk,100,Signal Barriers,180,19.07,false,0,0.1
70,RandomWalk,100,Turbulence Zone,180,18.22,false,0,0.1
71,RandomWalk,200,Open Rubble,180,25.11,false,0,0.1
72,RandomWalk,200,Collapse Grid,180,27.59,false,0,0.1
73,RandomWalk,200,Narrow Corridors,180,25.7,false,0,0.1
74,RandomWalk,200,Signal Barriers,180,22.3,false,0,0.1
75,RandomWalk,200,Turbulence Zone,180,23.15,false,0,0.1
76,Boids,10,Open Rubble,180,7.86,false,0,0.81
77,Boids,10,Collapse Grid,180,7.77,false,0,0.8
78,Boids,10,Narrow Corridors,180,6.63,false,0,0.83
79,Boids,10,Signal Barriers,180,6.97,false,0,0.8
80,Boids,10,Turbulence Zone,180,7.28,false,0,0.8
81,Boids,20,Open Rubble,180,6.6,false,0,0.81
82,Boids,20,Collapse Grid,180,11.42,false,0,0.81
83,Boids,20,Narrow Corridors,180,8.12,false,0,0.81
84,Boids,20,Signal Barriers,180,6.06,false,0,0.81
85,Boids,20,Turbulence Zone,180,8.41,false,0,0.82
86,Boids,50,Open Rubble,180,13.55,false,0,0.9
87,Boids,50,Collapse Grid,180,9.21,false,0,0.87
88,Boids,50,Narrow Corridors,180,11.12,false,0,0.94
89,Boids,50,Signal Barriers,180,10.25,false,0,0.9
90,Boids,50,Turbulence Zone,180,10.06,false,0,0.94
91,Boids,100,Open Rubble,180,10.5,false,0,1.15
92,Boids,100,Collapse Grid,180,8.35,false,0,1.14
93,Boids,100,Narrow Corridors,180,9.75,false,0,1.1
94,Boids,100,Signal Barriers,180,8.95,false,0,1.14
95,Boids,100,Turbulence Zone,180,9.68,false,0,1.16
96,Boids,200,Open Rubble,180,11.19,false,0,2.09
97,Boids,200,Collapse Grid,180,10.71,false,0,2.07
98,Boids,200,Narrow Corridors,180,10.52,false,0,2.07
99,Boids,200,Signal Barriers,180,9.44,false,0,2.1
100,Boids,200,Turbulence Zone,180,11.09,false,0,2.04
