trial,efficiency,steps,coverage_pct,agents,repulsion_g,momentum,scan_radius
1,2.796471,34,95.08,300,1.5,0.99,5
2,2.717714,35,95.12,300,1.5,0.99,5
3,2.802353,34,95.28,300,1.5,0.99,5
4,2.571892,37,95.16,300,1.5,0.99,5
5,2.650000,36,95.40,300,1.5,0.99,5
6,2.503158,38,95.12,300,1.5,0.99,5
7,2.655556,36,95.60,300,1.5,0.99,5
8,2.808235,34,95.48,300,1.5,0.99,5
9,2.645556,36,95.24,300,1.5,0.99,5
10,2.648889,36,95.36,300,1.5,0.99,5
11,2.718857,35,95.16,300,1.5,0.99,5
12,2.725714,35,95.40,300,1.5,0.99,5
13,2.640000,36,95.04,300,1.5,0.99,5
14,2.724571,35,95.36,300,1.5,0.99,5
15,2.796471,34,95.08,300,1.5,0.99,5
16,2.886061,33,95.24,300,1.5,0.99,5
17,2.568649,37,95.04,300,1.5,0.99,5
18,2.808235,34,95.48,300,1.5,0.99,5
19,2.796471,34,95.08,300,1.5,0.99,5
20,2.723429,35,95.32,300,1.5,0.99,5
21,2.721143,35,95.24,300,1.5,0.99,5
22,2.640000,36,95.04,300,1.5,0.99,5
23,2.646667,36,95.28,300,1.5,0.99,5
24,2.724571,35,95.36,300,1.5,0.99,5
25,2.578378,37,95.40,300,1.5,0.99,5
26,2.650000,36,95.40,300,1.5,0.99,5
27,2.569730,37,95.08,300,1.5,0.99,5
28,2.653333,36,95.52,300,1.5,0.99,5
29,2.795294,34,95.04,300,1.5,0.99,5
30,2.645556,36,95.24,300,1.5,0.99,5
31,2.648889,36,95.36,300,1.5,0.99,5
32,2.802353,34,95.28,300,1.5,0.99,5
33,2.720000,35,95.20,300,1.5,0.99,5
34,2.716571,35,95.08,300,1.5,0.99,5
35,2.726857,35,95.44,300,1.5,0.99,5
36,2.650000,36,95.40,300,1.5,0.99,5
37,2.809412,34,95.52,300,1.5,0.99,5
38,2.654444,36,95.56,300,1.5,0.99,5
39,2.646667,36,95.28,300,1.5,0.99,5
40,2.569730,37,95.08,300,1.5,0.99,5
41,2.722286,35,95.28,300,1.5,0.99,5
42,2.804706,34,95.36,300,1.5,0.99,5
43,2.644444,36,95.20,300,1.5,0.99,5
44,2.575135,37,95.28,300,1.5,0.99,5
45,2.512632,38,95.48,300,1.5,0.99,5
46,2.715429,35,95.04,300,1.5,0.99,5
47,2.641111,36,95.08,300,1.5,0.99,5
48,2.794118,34,95.00,300,1.5,0.99,5
49,2.723429,35,95.32,300,1.5,0.99,5
50,2.807059,34,95.44,300,1.5,0.99,5
51,2.880000,33,95.04,300,1.5,0.99,5
52,2.578378,37,95.40,300,1.5,0.99,5
53,2.511579,38,95.44,300,1.5,0.99,5
54,2.721143,35,95.24,300,1.5,0.99,5
55,2.578378,37,95.40,300,1.5,0.99,5
56,2.645556,36,95.24,300,1.5,0.99,5
57,2.579459,37,95.44,300,1.5,0.99,5
58,2.645556,36,95.24,300,1.5,0.99,5
59,2.642222,36,95.12,300,1.5,0.99,5
60,2.644444,36,95.20,300,1.5,0.99,5
61,2.572973,37,95.20,300,1.5,0.99,5
62,2.574054,37,95.24,300,1.5,0.99,5
63,2.795294,34,95.04,300,1.5,0.99,5
64,2.795294,34,95.04,300,1.5,0.99,5
65,2.648889,36,95.36,300,1.5,0.99,5
66,2.640000,36,95.04,300,1.5,0.99,5
67,2.714286,35,95.00,300,1.5,0.99,5
68,2.718857,35,95.16,300,1.5,0.99,5
69,2.570811,37,95.12,300,1.5,0.99,5
70,2.644444,36,95.20,300,1.5,0.99,5
71,2.642222,36,95.12,300,1.5,0.99,5
72,2.576216,37,95.32,300,1.5,0.99,5
73,2.645556,36,95.24,300,1.5,0.99,5
74,2.802353,34,95.28,300,1.5,0.99,5
75,2.569730,37,95.08,300,1.5,0.99,5
76,2.721143,35,95.24,300,1.5,0.99,5
77,2.715429,35,95.04,300,1.5,0.99,5
78,2.794118,34,95.00,300,1.5,0.99,5
79,2.579459,37,95.44,300,1.5,0.99,5
80,2.646667,36,95.28,300,1.5,0.99,5
81,2.503158,38,95.12,300,1.5,0.99,5
82,2.808235,34,95.48,300,1.5,0.99,5
83,2.721143,35,95.24,300,1.5,0.99,5
84,2.569730,37,95.08,300,1.5,0.99,5
85,2.884848,33,95.20,300,1.5,0.99,5
86,2.715429,35,95.04,300,1.5,0.99,5
87,2.654444,36,95.56,300,1.5,0.99,5
88,2.817647,34,95.80,300,1.5,0.99,5
89,2.731429,35,95.60,300,1.5,0.99,5
90,2.652222,36,95.48,300,1.5,0.99,5
91,2.718857,35,95.16,300,1.5,0.99,5
92,2.645556,36,95.24,300,1.5,0.99,5
93,2.726857,35,95.44,300,1.5,0.99,5
94,2.646667,36,95.28,300,1.5,0.99,5
95,2.646667,36,95.28,300,1.5,0.99,5
96,2.648889,36,95.36,300,1.5,0.99,5
97,2.650000,36,95.40,300,1.5,0.99,5
98,2.569730,37,95.08,300,1.5,0.99,5
99,2.810588,34,95.56,300,1.5,0.99,5
100,2.569730,37,95.08,300,1.5,0.99,5
101,2.574054,37,95.24,300,1.5,0.99,5
102,2.794118,34,95.00,300,1.5,0.99,5
103,2.714286,35,95.00,300,1.5,0.99,5
104,2.505263,38,95.20,300,1.5,0.99,5
105,2.648889,36,95.36,300,1.5,0.99,5
106,2.715429,35,95.04,300,1.5,0.99,5
107,2.796471,34,95.08,300,1.5,0.99,5
108,2.726857,35,95.44,300,1.5,0.99,5
109,2.800000,34,95.20,300,1.5,0.99,5
110,2.576216,37,95.32,300,1.5,0.99,5
111,2.641111,36,95.08,300,1.5,0.99,5
112,2.881212,33,95.08,300,1.5,0.99,5
113,2.644444,36,95.20,300,1.5,0.99,5
114,2.648889,36,95.36,300,1.5,0.99,5
115,2.725714,35,95.40,300,1.5,0.99,5
116,2.715429,35,95.04,300,1.5,0.99,5
117,2.643333,36,95.16,300,1.5,0.99,5
118,2.646667,36,95.28,300,1.5,0.99,5
119,2.645556,36,95.24,300,1.5,0.99,5
120,2.641111,36,95.08,300,1.5,0.99,5
121,2.881212,33,95.08,300,1.5,0.99,5
122,2.725714,35,95.40,300,1.5,0.99,5
123,2.642222,36,95.12,300,1.5,0.99,5
124,2.580541,37,95.48,300,1.5,0.99,5
125,2.646667,36,95.28,300,1.5,0.99,5
126,2.571892,37,95.16,300,1.5,0.99,5
127,2.802353,34,95.28,300,1.5,0.99,5
128,2.795294,34,95.04,300,1.5,0.99,5
129,2.720000,35,95.20,300,1.5,0.99,5
130,2.878788,33,95.00,300,1.5,0.99,5
131,2.510526,38,95.40,300,1.5,0.99,5
132,2.796471,34,95.08,300,1.5,0.99,5
133,2.640000,36,95.04,300,1.5,0.99,5
134,2.646667,36,95.28,300,1.5,0.99,5
135,2.798824,34,95.16,300,1.5,0.99,5
136,2.729143,35,95.52,300,1.5,0.99,5
137,2.717714,35,95.12,300,1.5,0.99,5
138,2.575135,37,95.28,300,1.5,0.99,5
139,2.644444,36,95.20,300,1.5,0.99,5
140,2.714286,35,95.00,300,1.5,0.99,5
141,2.647778,36,95.32,300,1.5,0.99,5
142,2.882424,33,95.12,300,1.5,0.99,5
143,2.641111,36,95.08,300,1.5,0.99,5
144,2.644444,36,95.20,300,1.5,0.99,5
145,2.794118,34,95.00,300,1.5,0.99,5
146,2.640000,36,95.04,300,1.5,0.99,5
147,2.714286,35,95.00,300,1.5,0.99,5
148,2.717714,35,95.12,300,1.5,0.99,5
149,2.644444,36,95.20,300,1.5,0.99,5
150,2.570811,37,95.12,300,1.5,0.99,5
151,2.794118,34,95.00,300,1.5,0.99,5
152,2.794118,34,95.00,300,1.5,0.99,5
153,2.646667,36,95.28,300,1.5,0.99,5
154,2.724571,35,95.36,300,1.5,0.99,5
155,2.890909,33,95.40,300,1.5,0.99,5
156,2.648889,36,95.36,300,1.5,0.99,5
157,2.577297,37,95.36,300,1.5,0.99,5
158,2.572973,37,95.20,300,1.5,0.99,5
159,2.881212,33,95.08,300,1.5,0.99,5
160,2.653333,36,95.52,300,1.5,0.99,5
161,2.796471,34,95.08,300,1.5,0.99,5
162,2.645556,36,95.24,300,1.5,0.99,5
163,2.724571,35,95.36,300,1.5,0.99,5
164,2.574054,37,95.24,300,1.5,0.99,5
165,2.805882,34,95.40,300,1.5,0.99,5
166,2.721143,35,95.24,300,1.5,0.99,5
167,2.576216,37,95.32,300,1.5,0.99,5
168,2.642222,36,95.12,300,1.5,0.99,5
169,2.794118,34,95.00,300,1.5,0.99,5
170,2.512632,38,95.48,300,1.5,0.99,5
171,2.571892,37,95.16,300,1.5,0.99,5
172,2.796471,34,95.08,300,1.5,0.99,5
173,2.715429,35,95.04,300,1.5,0.99,5
174,2.581622,37,95.52,300,1.5,0.99,5
175,2.801176,34,95.24,300,1.5,0.99,5
176,2.803529,34,95.32,300,1.5,0.99,5
177,2.641111,36,95.08,300,1.5,0.99,5
178,2.641111,36,95.08,300,1.5,0.99,5
179,2.576216,37,95.32,300,1.5,0.99,5
180,2.801176,34,95.24,300,1.5,0.99,5
181,2.572973,37,95.20,300,1.5,0.99,5
182,2.726857,35,95.44,300,1.5,0.99,5
183,2.506316,38,95.24,300,1.5,0.99,5
184,2.645556,36,95.24,300,1.5,0.99,5
185,2.648889,36,95.36,300,1.5,0.99,5
186,2.321951,41,95.20,300,1.5,0.99,5
187,2.721143,35,95.24,300,1.5,0.99,5
188,2.796471,34,95.08,300,1.5,0.99,5
189,2.647778,36,95.32,300,1.5,0.99,5
190,2.647778,36,95.32,300,1.5,0.99,5
191,2.652222,36,95.48,300,1.5,0.99,5
192,2.572973,37,95.20,300,1.5,0.99,5
193,2.653333,36,95.52,300,1.5,0.99,5
194,2.795294,34,95.04,300,1.5,0.99,5
195,2.652222,36,95.48,300,1.5,0.99,5
196,2.717714,35,95.12,300,1.5,0.99,5
197,2.716571,35,95.08,300,1.5,0.99,5
198,2.721143,35,95.24,300,1.5,0.99,5
199,2.650000,36,95.40,300,1.5,0.99,5
200,2.714286,35,95.00,300,1.5,0.99,5
201,2.802353,34,95.28,300,1.5,0.99,5
202,2.718857,35,95.16,300,1.5,0.99,5
203,2.723429,35,95.32,300,1.5,0.99,5
204,2.643333,36,95.16,300,1.5,0.99,5
205,2.721143,35,95.24,300,1.5,0.99,5
206,2.715429,35,95.04,300,1.5,0.99,5
207,2.641111,36,95.08,300,1.5,0.99,5
208,2.720000,35,95.20,300,1.5,0.99,5
209,2.642222,36,95.12,300,1.5,0.99,5
210,2.647778,36,95.32,300,1.5,0.99,5
211,2.716571,35,95.08,300,1.5,0.99,5
212,2.878788,33,95.00,300,1.5,0.99,5
213,2.720000,35,95.20,300,1.5,0.99,5
214,2.585946,37,95.68,300,1.5,0.99,5
215,2.724571,35,95.36,300,1.5,0.99,5
216,2.642222,36,95.12,300,1.5,0.99,5
217,2.650000,36,95.40,300,1.5,0.99,5
218,2.651111,36,95.44,300,1.5,0.99,5
219,2.796471,34,95.08,300,1.5,0.99,5
220,2.578378,37,95.40,300,1.5,0.99,5
221,2.802353,34,95.28,300,1.5,0.99,5
222,2.731429,35,95.60,300,1.5,0.99,5
223,2.883636,33,95.16,300,1.5,0.99,5
224,2.716571,35,95.08,300,1.5,0.99,5
225,2.648889,36,95.36,300,1.5,0.99,5
226,2.645556,36,95.24,300,1.5,0.99,5
227,2.647778,36,95.32,300,1.5,0.99,5
228,2.647778,36,95.32,300,1.5,0.99,5
229,2.638889,36,95.00,300,1.5,0.99,5
230,2.717714,35,95.12,300,1.5,0.99,5
231,2.583784,37,95.60,300,1.5,0.99,5
232,2.575135,37,95.28,300,1.5,0.99,5
233,2.508421,38,95.32,300,1.5,0.99,5
234,2.802353,34,95.28,300,1.5,0.99,5
235,2.646667,36,95.28,300,1.5,0.99,5
236,2.728000,35,95.48,300,1.5,0.99,5
237,2.883636,33,95.16,300,1.5,0.99,5
238,2.641111,36,95.08,300,1.5,0.99,5
239,2.718857,35,95.16,300,1.5,0.99,5
240,2.572973,37,95.20,300,1.5,0.99,5
241,2.733714,35,95.68,300,1.5,0.99,5
242,2.718857,35,95.16,300,1.5,0.99,5
243,2.714286,35,95.00,300,1.5,0.99,5
244,2.645556,36,95.24,300,1.5,0.99,5
245,2.580541,37,95.48,300,1.5,0.99,5
246,2.642222,36,95.12,300,1.5,0.99,5
247,2.641111,36,95.08,300,1.5,0.99,5
248,2.721143,35,95.24,300,1.5,0.99,5
249,2.638889,36,95.00,300,1.5,0.99,5
250,2.794118,34,95.00,300,1.5,0.99,5
251,2.723429,35,95.32,300,1.5,0.99,5
252,2.714286,35,95.00,300,1.5,0.99,5
253,2.794118,34,95.00,300,1.5,0.99,5
254,2.728000,35,95.48,300,1.5,0.99,5
255,2.797647,34,95.12,300,1.5,0.99,5
256,2.651111,36,95.44,300,1.5,0.99,5
257,2.807059,34,95.44,300,1.5,0.99,5
258,2.646667,36,95.28,300,1.5,0.99,5
259,2.571892,37,95.16,300,1.5,0.99,5
260,2.798824,34,95.16,300,1.5,0.99,5
261,2.567568,37,95.00,300,1.5,0.99,5
262,2.721143,35,95.24,300,1.5,0.99,5
263,2.642222,36,95.12,300,1.5,0.99,5
264,2.714286,35,95.00,300,1.5,0.99,5
265,2.714286,35,95.00,300,1.5,0.99,5
266,2.580541,37,95.48,300,1.5,0.99,5
267,2.722286,35,95.28,300,1.5,0.99,5
268,2.718857,35,95.16,300,1.5,0.99,5
269,2.575135,37,95.28,300,1.5,0.99,5
270,2.638889,36,95.00,300,1.5,0.99,5
271,2.796471,34,95.08,300,1.5,0.99,5
272,2.646667,36,95.28,300,1.5,0.99,5
273,2.575135,37,95.28,300,1.5,0.99,5
274,2.721143,35,95.24,300,1.5,0.99,5
275,2.798824,34,95.16,300,1.5,0.99,5
276,2.642222,36,95.12,300,1.5,0.99,5
277,2.800000,34,95.20,300,1.5,0.99,5
278,2.571892,37,95.16,300,1.5,0.99,5
279,2.575135,37,95.28,300,1.5,0.99,5
280,2.640000,36,95.04,300,1.5,0.99,5
281,2.720000,35,95.20,300,1.5,0.99,5
282,2.798824,34,95.16,300,1.5,0.99,5
283,2.502105,38,95.08,300,1.5,0.99,5
284,2.653333,36,95.52,300,1.5,0.99,5
285,2.794118,34,95.00,300,1.5,0.99,5
286,2.507368,38,95.28,300,1.5,0.99,5
287,2.794118,34,95.00,300,1.5,0.99,5
288,2.716571,35,95.08,300,1.5,0.99,5
289,2.652222,36,95.48,300,1.5,0.99,5
290,2.728000,35,95.48,300,1.5,0.99,5
291,2.641111,36,95.08,300,1.5,0.99,5
292,2.650000,36,95.40,300,1.5,0.99,5
293,2.730286,35,95.56,300,1.5,0.99,5
294,2.721143,35,95.24,300,1.5,0.99,5
295,2.638889,36,95.00,300,1.5,0.99,5
296,2.809412,34,95.52,300,1.5,0.99,5
297,2.802353,34,95.28,300,1.5,0.99,5
298,2.567568,37,95.00,300,1.5,0.99,5
299,2.723429,35,95.32,300,1.5,0.99,5
300,2.721143,35,95.24,300,1.5,0.99,5
301,2.803529,34,95.32,300,1.5,0.99,5
302,2.883636,33,95.16,300,1.5,0.99,5
303,2.725714,35,95.40,300,1.5,0.99,5
304,2.574054,37,95.24,300,1.5,0.99,5
305,2.643333,36,95.16,300,1.5,0.99,5
306,2.800000,34,95.20,300,1.5,0.99,5
307,2.795294,34,95.04,300,1.5,0.99,5
308,2.717714,35,95.12,300,1.5,0.99,5
309,2.794118,34,95.00,300,1.5,0.99,5
310,2.641111,36,95.08,300,1.5,0.99,5
311,2.643333,36,95.16,300,1.5,0.99,5
312,2.652222,36,95.48,300,1.5,0.99,5
313,2.718857,35,95.16,300,1.5,0.99,5
314,2.724571,35,95.36,300,1.5,0.99,5
315,2.797647,34,95.12,300,1.5,0.99,5
316,2.647778,36,95.32,300,1.5,0.99,5
317,2.722286,35,95.28,300,1.5,0.99,5
318,2.720000,35,95.20,300,1.5,0.99,5
319,2.798824,34,95.16,300,1.5,0.99,5
320,2.716571,35,95.08,300,1.5,0.99,5
321,2.726857,35,95.44,300,1.5,0.99,5
322,2.718857,35,95.16,300,1.5,0.99,5
323,2.794118,34,95.00,300,1.5,0.99,5
324,2.723429,35,95.32,300,1.5,0.99,5
325,2.574054,37,95.24,300,1.5,0.99,5
326,2.726857,35,95.44,300,1.5,0.99,5
327,2.800000,34,95.20,300,1.5,0.99,5
328,2.807059,34,95.44,300,1.5,0.99,5
329,2.725714,35,95.40,300,1.5,0.99,5
330,2.652222,36,95.48,300,1.5,0.99,5
331,2.722286,35,95.28,300,1.5,0.99,5
332,2.715429,35,95.04,300,1.5,0.99,5
333,2.715429,35,95.04,300,1.5,0.99,5
334,2.650000,36,95.40,300,1.5,0.99,5
335,2.648889,36,95.36,300,1.5,0.99,5
336,2.729143,35,95.52,300,1.5,0.99,5
337,2.577297,37,95.36,300,1.5,0.99,5
338,2.646667,36,95.28,300,1.5,0.99,5
339,2.572973,37,95.20,300,1.5,0.99,5
340,2.647778,36,95.32,300,1.5,0.99,5
341,2.572973,37,95.20,300,1.5,0.99,5
342,2.715429,35,95.04,300,1.5,0.99,5
343,2.714286,35,95.00,300,1.5,0.99,5
344,2.802353,34,95.28,300,1.5,0.99,5
345,2.648889,36,95.36,300,1.5,0.99,5
346,2.646667,36,95.28,300,1.5,0.99,5
347,2.722286,35,95.28,300,1.5,0.99,5
348,2.640000,36,95.04,300,1.5,0.99,5
349,2.808235,34,95.48,300,1.5,0.99,5
350,2.647778,36,95.32,300,1.5,0.99,5
351,2.807059,34,95.44,300,1.5,0.99,5
352,2.645556,36,95.24,300,1.5,0.99,5
353,2.508421,38,95.32,300,1.5,0.99,5
354,2.728000,35,95.48,300,1.5,0.99,5
355,2.651111,36,95.44,300,1.5,0.99,5
356,2.647778,36,95.32,300,1.5,0.99,5
357,2.722286,35,95.28,300,1.5,0.99,5
358,2.728000,35,95.48,300,1.5,0.99,5
359,2.795294,34,95.04,300,1.5,0.99,5
360,2.796471,34,95.08,300,1.5,0.99,5
361,2.646667,36,95.28,300,1.5,0.99,5
362,2.638889,36,95.00,300,1.5,0.99,5
363,2.505263,38,95.20,300,1.5,0.99,5
364,2.722286,35,95.28,300,1.5,0.99,5
365,2.572973,37,95.20,300,1.5,0.99,5
366,2.726857,35,95.44,300,1.5,0.99,5
367,2.802353,34,95.28,300,1.5,0.99,5
368,2.717714,35,95.12,300,1.5,0.99,5
369,2.720000,35,95.20,300,1.5,0.99,5
370,2.646667,36,95.28,300,1.5,0.99,5
371,2.797647,34,95.12,300,1.5,0.99,5
372,2.722286,35,95.28,300,1.5,0.99,5
373,2.503158,38,95.12,300,1.5,0.99,5
374,2.567568,37,95.00,300,1.5,0.99,5
375,2.805882,34,95.40,300,1.5,0.99,5
376,2.641111,36,95.08,300,1.5,0.99,5
377,2.640000,36,95.04,300,1.5,0.99,5
378,2.808235,34,95.48,300,1.5,0.99,5
379,2.717714,35,95.12,300,1.5,0.99,5
380,2.647778,36,95.32,300,1.5,0.99,5
381,2.794118,34,95.00,300,1.5,0.99,5
382,2.644444,36,95.20,300,1.5,0.99,5
383,2.800000,34,95.20,300,1.5,0.99,5
384,2.795294,34,95.04,300,1.5,0.99,5
385,2.729143,35,95.52,300,1.5,0.99,5
386,2.716571,35,95.08,300,1.5,0.99,5
387,2.509474,38,95.36,300,1.5,0.99,5
388,2.720000,35,95.20,300,1.5,0.99,5
389,2.570811,37,95.12,300,1.5,0.99,5
390,2.804706,34,95.36,300,1.5,0.99,5
391,2.717714,35,95.12,300,1.5,0.99,5
392,2.644444,36,95.20,300,1.5,0.99,5
393,2.880000,33,95.04,300,1.5,0.99,5
394,2.797647,34,95.12,300,1.5,0.99,5
395,2.567568,37,95.00,300,1.5,0.99,5
396,2.714286,35,95.00,300,1.5,0.99,5
397,2.644444,36,95.20,300,1.5,0.99,5
398,2.807059,34,95.44,300,1.5,0.99,5
399,2.802353,34,95.28,300,1.5,0.99,5
400,2.803529,34,95.32,300,1.5,0.99,5
401,2.795294,34,95.04,300,1.5,0.99,5
402,2.722286,35,95.28,300,1.5,0.99,5
403,2.720000,35,95.20,300,1.5,0.99,5
404,2.641111,36,95.08,300,1.5,0.99,5
405,2.890909,33,95.40,300,1.5,0.99,5
406,2.567568,37,95.00,300,1.5,0.99,5
407,2.718857,35,95.16,300,1.5,0.99,5
408,2.643333,36,95.16,300,1.5,0.99,5
409,2.640000,36,95.04,300,1.5,0.99,5
410,2.717714,35,95.12,300,1.5,0.99,5
411,2.811765,34,95.60,300,1.5,0.99,5
412,2.572973,37,95.20,300,1.5,0.99,5
413,2.578378,37,95.40,300,1.5,0.99,5
414,2.723429,35,95.32,300,1.5,0.99,5
415,2.660000,36,95.76,300,1.5,0.99,5
416,2.655556,36,95.60,300,1.5,0.99,5
417,2.643333,36,95.16,300,1.5,0.99,5
418,2.716571,35,95.08,300,1.5,0.99,5
419,2.887273,33,95.28,300,1.5,0.99,5
420,2.643333,36,95.16,300,1.5,0.99,5
421,2.881212,33,95.08,300,1.5,0.99,5
422,2.716571,35,95.08,300,1.5,0.99,5
423,2.575135,37,95.28,300,1.5,0.99,5
424,2.726857,35,95.44,300,1.5,0.99,5
425,2.642222,36,95.12,300,1.5,0.99,5
426,2.718857,35,95.16,300,1.5,0.99,5
427,2.898182,33,95.64,300,1.5,0.99,5
428,2.576216,37,95.32,300,1.5,0.99,5
429,2.722286,35,95.28,300,1.5,0.99,5
430,2.648889,36,95.36,300,1.5,0.99,5
431,2.715429,35,95.04,300,1.5,0.99,5
432,2.715429,35,95.04,300,1.5,0.99,5
433,2.638889,36,95.00,300,1.5,0.99,5
434,2.724571,35,95.36,300,1.5,0.99,5
435,2.724571,35,95.36,300,1.5,0.99,5
436,2.728000,35,95.48,300,1.5,0.99,5
437,2.718857,35,95.16,300,1.5,0.99,5
438,2.643333,36,95.16,300,1.5,0.99,5
439,2.716571,35,95.08,300,1.5,0.99,5
440,2.657778,36,95.68,300,1.5,0.99,5
441,2.641111,36,95.08,300,1.5,0.99,5
442,2.574054,37,95.24,300,1.5,0.99,5
443,2.643333,36,95.16,300,1.5,0.99,5
444,2.638889,36,95.00,300,1.5,0.99,5
445,2.645556,36,95.24,300,1.5,0.99,5
446,2.805882,34,95.40,300,1.5,0.99,5
447,2.717714,35,95.12,300,1.5,0.99,5
448,2.656667,36,95.64,300,1.5,0.99,5
449,2.653333,36,95.52,300,1.5,0.99,5
450,2.647778,36,95.32,300,1.5,0.99,5
451,2.721143,35,95.24,300,1.5,0.99,5
452,2.734857,35,95.72,300,1.5,0.99,5
453,2.715429,35,95.04,300,1.5,0.99,5
454,2.648889,36,95.36,300,1.5,0.99,5
455,2.803529,34,95.32,300,1.5,0.99,5
456,2.644444,36,95.20,300,1.5,0.99,5
457,2.726857,35,95.44,300,1.5,0.99,5
458,2.725714,35,95.40,300,1.5,0.99,5
459,2.802353,34,95.28,300,1.5,0.99,5
460,2.803529,34,95.32,300,1.5,0.99,5
461,2.570811,37,95.12,300,1.5,0.99,5
462,2.729143,35,95.52,300,1.5,0.99,5
463,2.797647,34,95.12,300,1.5,0.99,5
464,2.721143,35,95.24,300,1.5,0.99,5
465,2.643333,36,95.16,300,1.5,0.99,5
466,2.728000,35,95.48,300,1.5,0.99,5
467,2.644444,36,95.20,300,1.5,0.99,5
468,2.731429,35,95.60,300,1.5,0.99,5
469,2.638889,36,95.00,300,1.5,0.99,5
470,2.714286,35,95.00,300,1.5,0.99,5
471,2.798824,34,95.16,300,1.5,0.99,5
472,2.725714,35,95.40,300,1.5,0.99,5
473,2.574054,37,95.24,300,1.5,0.99,5
474,2.508421,38,95.32,300,1.5,0.99,5
475,2.641111,36,95.08,300,1.5,0.99,5
476,2.644444,36,95.20,300,1.5,0.99,5
477,2.580541,37,95.48,300,1.5,0.99,5
478,2.715429,35,95.04,300,1.5,0.99,5
479,2.650000,36,95.40,300,1.5,0.99,5
480,2.794118,34,95.00,300,1.5,0.99,5
481,2.721143,35,95.24,300,1.5,0.99,5
482,2.720000,35,95.20,300,1.5,0.99,5
483,2.878788,33,95.00,300,1.5,0.99,5
484,2.648889,36,95.36,300,1.5,0.99,5
485,2.647778,36,95.32,300,1.5,0.99,5
486,2.578378,37,95.40,300,1.5,0.99,5
487,2.644444,36,95.20,300,1.5,0.99,5
488,2.572973,37,95.20,300,1.5,0.99,5
489,2.715429,35,95.04,300,1.5,0.99,5
490,2.642222,36,95.12,300,1.5,0.99,5
491,2.717714,35,95.12,300,1.5,0.99,5
492,2.577297,37,95.36,300,1.5,0.99,5
493,2.882424,33,95.12,300,1.5,0.99,5
494,2.728000,35,95.48,300,1.5,0.99,5
495,2.651111,36,95.44,300,1.5,0.99,5
496,2.721143,35,95.24,300,1.5,0.99,5
497,2.795294,34,95.04,300,1.5,0.99,5
498,2.640000,36,95.04,300,1.5,0.99,5
499,2.644444,36,95.20,300,1.5,0.99,5
500,2.717714,35,95.12,300,1.5,0.99,5
501,2.654444,36,95.56,300,1.5,0.99,5
502,2.724571,35,95.36,300,1.5,0.99,5
503,2.723429,35,95.32,300,1.5,0.99,5
504,2.721143,35,95.24,300,1.5,0.99,5
505,2.651111,36,95.44,300,1.5,0.99,5
506,2.797647,34,95.12,300,1.5,0.99,5
507,2.801176,34,95.24,300,1.5,0.99,5
508,2.714286,35,95.00,300,1.5,0.99,5
509,2.724571,35,95.36,300,1.5,0.99,5
510,2.724571,35,95.36,300,1.5,0.99,5
511,2.716571,35,95.08,300,1.5,0.99,5
512,2.718857,35,95.16,300,1.5,0.99,5
513,2.640000,36,95.04,300,1.5,0.99,5
514,2.579459,37,95.44,300,1.5,0.99,5
515,2.641111,36,95.08,300,1.5,0.99,5
516,2.800000,34,95.20,300,1.5,0.99,5
517,2.638889,36,95.00,300,1.5,0.99,5
518,2.645556,36,95.24,300,1.5,0.99,5
519,2.572973,37,95.20,300,1.5,0.99,5
520,2.642222,36,95.12,300,1.5,0.99,5
521,2.720000,35,95.20,300,1.5,0.99,5
522,2.715429,35,95.04,300,1.5,0.99,5
523,2.501053,38,95.04,300,1.5,0.99,5
524,2.798824,34,95.16,300,1.5,0.99,5
525,2.795294,34,95.04,300,1.5,0.99,5
526,2.717714,35,95.12,300,1.5,0.99,5
527,2.808235,34,95.48,300,1.5,0.99,5
528,2.512632,38,95.48,300,1.5,0.99,5
529,2.715429,35,95.04,300,1.5,0.99,5
530,2.445128,39,95.36,300,1.5,0.99,5
531,2.641111,36,95.08,300,1.5,0.99,5
532,2.716571,35,95.08,300,1.5,0.99,5
533,2.715429,35,95.04,300,1.5,0.99,5
534,2.721143,35,95.24,300,1.5,0.99,5
535,2.723429,35,95.32,300,1.5,0.99,5
536,2.795294,34,95.04,300,1.5,0.99,5
537,2.651111,36,95.44,300,1.5,0.99,5
538,2.717714,35,95.12,300,1.5,0.99,5
539,2.648889,36,95.36,300,1.5,0.99,5
540,2.794118,34,95.00,300,1.5,0.99,5
541,2.720000,35,95.20,300,1.5,0.99,5
542,2.645556,36,95.24,300,1.5,0.99,5
543,2.651111,36,95.44,300,1.5,0.99,5
544,2.795294,34,95.04,300,1.5,0.99,5
545,2.714286,35,95.00,300,1.5,0.99,5
546,2.717714,35,95.12,300,1.5,0.99,5
547,2.576216,37,95.32,300,1.5,0.99,5
548,2.655556,36,95.60,300,1.5,0.99,5
549,2.724571,35,95.36,300,1.5,0.99,5
550,2.575135,37,95.28,300,1.5,0.99,5
551,2.714286,35,95.00,300,1.5,0.99,5
552,2.638889,36,95.00,300,1.5,0.99,5
553,2.795294,34,95.04,300,1.5,0.99,5
554,2.725714,35,95.40,300,1.5,0.99,5
555,2.722286,35,95.28,300,1.5,0.99,5
556,2.647778,36,95.32,300,1.5,0.99,5
557,2.797647,34,95.12,300,1.5,0.99,5
558,2.648889,36,95.36,300,1.5,0.99,5
559,2.654444,36,95.56,300,1.5,0.99,5
560,2.644444,36,95.20,300,1.5,0.99,5
561,2.570811,37,95.12,300,1.5,0.99,5
562,2.569730,37,95.08,300,1.5,0.99,5
563,2.723429,35,95.32,300,1.5,0.99,5
564,2.641111,36,95.08,300,1.5,0.99,5
565,2.724571,35,95.36,300,1.5,0.99,5
566,2.802353,34,95.28,300,1.5,0.99,5
567,2.717714,35,95.12,300,1.5,0.99,5
568,2.802353,34,95.28,300,1.5,0.99,5
569,2.648889,36,95.36,300,1.5,0.99,5
570,2.716571,35,95.08,300,1.5,0.99,5
571,2.796471,34,95.08,300,1.5,0.99,5
572,2.579459,37,95.44,300,1.5,0.99,5
573,2.808235,34,95.48,300,1.5,0.99,5
574,2.730286,35,95.56,300,1.5,0.99,5
575,2.505263,38,95.20,300,1.5,0.99,5
576,2.797647,34,95.12,300,1.5,0.99,5
577,2.640000,36,95.04,300,1.5,0.99,5
578,2.717714,35,95.12,300,1.5,0.99,5
579,2.794118,34,95.00,300,1.5,0.99,5
580,2.796471,34,95.08,300,1.5,0.99,5
581,2.720000,35,95.20,300,1.5,0.99,5
582,2.580541,37,95.48,300,1.5,0.99,5
583,2.651111,36,95.44,300,1.5,0.99,5
584,2.718857,35,95.16,300,1.5,0.99,5
585,2.655556,36,95.60,300,1.5,0.99,5
586,2.574054,37,95.24,300,1.5,0.99,5
587,2.579459,37,95.44,300,1.5,0.99,5
588,2.796471,34,95.08,300,1.5,0.99,5
589,2.725714,35,95.40,300,1.5,0.99,5
590,2.648889,36,95.36,300,1.5,0.99,5
591,2.577297,37,95.36,300,1.5,0.99,5
592,2.651111,36,95.44,300,1.5,0.99,5
593,2.640000,36,95.04,300,1.5,0.99,5
594,2.723429,35,95.32,300,1.5,0.99,5
595,2.579459,37,95.44,300,1.5,0.99,5
596,2.721143,35,95.24,300,1.5,0.99,5
597,2.721143,35,95.24,300,1.5,0.99,5
598,2.641111,36,95.08,300,1.5,0.99,5
599,2.797647,34,95.12,300,1.5,0.99,5
600,2.720000,35,95.20,300,1.5,0.99,5
601,2.725714,35,95.40,300,1.5,0.99,5
602,2.723429,35,95.32,300,1.5,0.99,5
603,2.796471,34,95.08,300,1.5,0.99,5
604,2.726857,35,95.44,300,1.5,0.99,5
605,2.722286,35,95.28,300,1.5,0.99,5
606,2.643333,36,95.16,300,1.5,0.99,5
607,2.794118,34,95.00,300,1.5,0.99,5
608,2.640000,36,95.04,300,1.5,0.99,5
609,2.576216,37,95.32,300,1.5,0.99,5
610,2.509474,38,95.36,300,1.5,0.99,5
611,2.892121,33,95.44,300,1.5,0.99,5
612,2.726857,35,95.44,300,1.5,0.99,5
613,2.717714,35,95.12,300,1.5,0.99,5
614,2.652222,36,95.48,300,1.5,0.99,5
615,2.796471,34,95.08,300,1.5,0.99,5
616,2.647778,36,95.32,300,1.5,0.99,5
617,2.803529,34,95.32,300,1.5,0.99,5
618,2.644444,36,95.20,300,1.5,0.99,5
619,2.724571,35,95.36,300,1.5,0.99,5
620,2.652222,36,95.48,300,1.5,0.99,5
621,2.795294,34,95.04,300,1.5,0.99,5
622,2.571892,37,95.16,300,1.5,0.99,5
623,2.721143,35,95.24,300,1.5,0.99,5
624,2.644444,36,95.20,300,1.5,0.99,5
625,2.722286,35,95.28,300,1.5,0.99,5
626,2.642222,36,95.12,300,1.5,0.99,5
627,2.442051,39,95.24,300,1.5,0.99,5
628,2.655556,36,95.60,300,1.5,0.99,5
629,2.576216,37,95.32,300,1.5,0.99,5
630,2.795294,34,95.04,300,1.5,0.99,5
631,2.717714,35,95.12,300,1.5,0.99,5
632,2.721143,35,95.24,300,1.5,0.99,5
633,2.653333,36,95.52,300,1.5,0.99,5
634,2.725714,35,95.40,300,1.5,0.99,5
635,2.725714,35,95.40,300,1.5,0.99,5
636,2.571892,37,95.16,300,1.5,0.99,5
637,2.718857,35,95.16,300,1.5,0.99,5
638,2.887273,33,95.28,300,1.5,0.99,5
639,2.716571,35,95.08,300,1.5,0.99,5
640,2.803529,34,95.32,300,1.5,0.99,5
641,2.729143,35,95.52,300,1.5,0.99,5
642,2.651111,36,95.44,300,1.5,0.99,5
643,2.797647,34,95.12,300,1.5,0.99,5
644,2.645556,36,95.24,300,1.5,0.99,5
645,2.640000,36,95.04,300,1.5,0.99,5
646,2.570811,37,95.12,300,1.5,0.99,5
647,2.721143,35,95.24,300,1.5,0.99,5
648,2.715429,35,95.04,300,1.5,0.99,5
649,2.795294,34,95.04,300,1.5,0.99,5
650,2.798824,34,95.16,300,1.5,0.99,5
651,2.800000,34,95.20,300,1.5,0.99,5
652,2.810588,34,95.56,300,1.5,0.99,5
653,2.718857,35,95.16,300,1.5,0.99,5
654,2.803529,34,95.32,300,1.5,0.99,5
655,2.716571,35,95.08,300,1.5,0.99,5
656,2.882424,33,95.12,300,1.5,0.99,5
657,2.811765,34,95.60,300,1.5,0.99,5
658,2.644444,36,95.20,300,1.5,0.99,5
659,2.722286,35,95.28,300,1.5,0.99,5
660,2.653333,36,95.52,300,1.5,0.99,5
661,2.638889,36,95.00,300,1.5,0.99,5
662,2.801176,34,95.24,300,1.5,0.99,5
663,2.796471,34,95.08,300,1.5,0.99,5
664,2.643333,36,95.16,300,1.5,0.99,5
665,2.714286,35,95.00,300,1.5,0.99,5
666,2.794118,34,95.00,300,1.5,0.99,5
667,2.805882,34,95.40,300,1.5,0.99,5
668,2.798824,34,95.16,300,1.5,0.99,5
669,2.715429,35,95.04,300,1.5,0.99,5
670,2.795294,34,95.04,300,1.5,0.99,5
671,2.808235,34,95.48,300,1.5,0.99,5
672,2.582703,37,95.56,300,1.5,0.99,5
673,2.718857,35,95.16,300,1.5,0.99,5
674,2.570811,37,95.12,300,1.5,0.99,5
675,2.804706,34,95.36,300,1.5,0.99,5
676,2.580541,37,95.48,300,1.5,0.99,5
677,2.718857,35,95.16,300,1.5,0.99,5
678,2.580541,37,95.48,300,1.5,0.99,5
679,2.718857,35,95.16,300,1.5,0.99,5
680,2.647778,36,95.32,300,1.5,0.99,5
681,2.507368,38,95.28,300,1.5,0.99,5
682,2.505263,38,95.20,300,1.5,0.99,5
683,2.721143,35,95.24,300,1.5,0.99,5
684,2.714286,35,95.00,300,1.5,0.99,5
685,2.723429,35,95.32,300,1.5,0.99,5
686,2.569730,37,95.08,300,1.5,0.99,5
687,2.796471,34,95.08,300,1.5,0.99,5
688,2.797647,34,95.12,300,1.5,0.99,5
689,2.716571,35,95.08,300,1.5,0.99,5
690,2.722286,35,95.28,300,1.5,0.99,5
691,2.721143,35,95.24,300,1.5,0.99,5
692,2.644444,36,95.20,300,1.5,0.99,5
693,2.721143,35,95.24,300,1.5,0.99,5
694,2.724571,35,95.36,300,1.5,0.99,5
695,2.726857,35,95.44,300,1.5,0.99,5
696,2.880000,33,95.04,300,1.5,0.99,5
697,2.651111,36,95.44,300,1.5,0.99,5
698,2.880000,33,95.04,300,1.5,0.99,5
699,2.646667,36,95.28,300,1.5,0.99,5
700,2.794118,34,95.00,300,1.5,0.99,5
701,2.797647,34,95.12,300,1.5,0.99,5
702,2.644444,36,95.20,300,1.5,0.99,5
703,2.796471,34,95.08,300,1.5,0.99,5
704,2.805882,34,95.40,300,1.5,0.99,5
705,2.726857,35,95.44,300,1.5,0.99,5
706,2.572973,37,95.20,300,1.5,0.99,5
707,2.718857,35,95.16,300,1.5,0.99,5
708,2.796471,34,95.08,300,1.5,0.99,5
709,2.647778,36,95.32,300,1.5,0.99,5
710,2.881212,33,95.08,300,1.5,0.99,5
711,2.648889,36,95.36,300,1.5,0.99,5
712,2.651111,36,95.44,300,1.5,0.99,5
713,2.803529,34,95.32,300,1.5,0.99,5
714,2.898182,33,95.64,300,1.5,0.99,5
715,2.801176,34,95.24,300,1.5,0.99,5
716,2.717714,35,95.12,300,1.5,0.99,5
717,2.728000,35,95.48,300,1.5,0.99,5
718,2.645556,36,95.24,300,1.5,0.99,5
719,2.800000,34,95.20,300,1.5,0.99,5
720,2.643333,36,95.16,300,1.5,0.99,5
721,2.641111,36,95.08,300,1.5,0.99,5
722,2.576216,37,95.32,300,1.5,0.99,5
723,2.582703,37,95.56,300,1.5,0.99,5
724,2.880000,33,95.04,300,1.5,0.99,5
725,2.572973,37,95.20,300,1.5,0.99,5
726,2.722286,35,95.28,300,1.5,0.99,5
727,2.731429,35,95.60,300,1.5,0.99,5
728,2.882424,33,95.12,300,1.5,0.99,5
729,2.502105,38,95.08,300,1.5,0.99,5
730,2.798824,34,95.16,300,1.5,0.99,5
731,2.803529,34,95.32,300,1.5,0.99,5
732,2.647778,36,95.32,300,1.5,0.99,5
733,2.794118,34,95.00,300,1.5,0.99,5
734,2.717714,35,95.12,300,1.5,0.99,5
735,2.721143,35,95.24,300,1.5,0.99,5
736,2.724571,35,95.36,300,1.5,0.99,5
737,2.582703,37,95.56,300,1.5,0.99,5
738,2.715429,35,95.04,300,1.5,0.99,5
739,2.716571,35,95.08,300,1.5,0.99,5
740,2.728000,35,95.48,300,1.5,0.99,5
741,2.883636,33,95.16,300,1.5,0.99,5
742,2.802353,34,95.28,300,1.5,0.99,5
743,2.723429,35,95.32,300,1.5,0.99,5
744,2.717714,35,95.12,300,1.5,0.99,5
745,2.797647,34,95.12,300,1.5,0.99,5
746,2.798824,34,95.16,300,1.5,0.99,5
747,2.650000,36,95.40,300,1.5,0.99,5
748,2.714286,35,95.00,300,1.5,0.99,5
749,2.796471,34,95.08,300,1.5,0.99,5
750,2.723429,35,95.32,300,1.5,0.99,5
751,2.716571,35,95.08,300,1.5,0.99,5
752,2.656667,36,95.64,300,1.5,0.99,5
753,2.714286,35,95.00,300,1.5,0.99,5
754,2.660000,36,95.76,300,1.5,0.99,5
755,2.726857,35,95.44,300,1.5,0.99,5
756,2.725714,35,95.40,300,1.5,0.99,5
757,2.643333,36,95.16,300,1.5,0.99,5
758,2.645556,36,95.24,300,1.5,0.99,5
759,2.803529,34,95.32,300,1.5,0.99,5
760,2.803529,34,95.32,300,1.5,0.99,5
761,2.579459,37,95.44,300,1.5,0.99,5
762,2.718857,35,95.16,300,1.5,0.99,5
763,2.723429,35,95.32,300,1.5,0.99,5
764,2.644444,36,95.20,300,1.5,0.99,5
765,2.723429,35,95.32,300,1.5,0.99,5
766,2.569730,37,95.08,300,1.5,0.99,5
767,2.505263,38,95.20,300,1.5,0.99,5
768,2.728000,35,95.48,300,1.5,0.99,5
769,2.724571,35,95.36,300,1.5,0.99,5
770,2.717714,35,95.12,300,1.5,0.99,5
771,2.640000,36,95.04,300,1.5,0.99,5
772,2.718857,35,95.16,300,1.5,0.99,5
773,2.884848,33,95.20,300,1.5,0.99,5
774,2.717714,35,95.12,300,1.5,0.99,5
775,2.797647,34,95.12,300,1.5,0.99,5
776,2.717714,35,95.12,300,1.5,0.99,5
777,2.798824,34,95.16,300,1.5,0.99,5
778,2.804706,34,95.36,300,1.5,0.99,5
779,2.805882,34,95.40,300,1.5,0.99,5
780,2.714286,35,95.00,300,1.5,0.99,5
781,2.580541,37,95.48,300,1.5,0.99,5
782,2.894545,33,95.52,300,1.5,0.99,5
783,2.796471,34,95.08,300,1.5,0.99,5
784,2.716571,35,95.08,300,1.5,0.99,5
785,2.646667,36,95.28,300,1.5,0.99,5
786,2.717714,35,95.12,300,1.5,0.99,5
787,2.726857,35,95.44,300,1.5,0.99,5
788,2.646667,36,95.28,300,1.5,0.99,5
789,2.567568,37,95.00,300,1.5,0.99,5
790,2.645556,36,95.24,300,1.5,0.99,5
791,2.646667,36,95.28,300,1.5,0.99,5
792,2.795294,34,95.04,300,1.5,0.99,5
793,2.652222,36,95.48,300,1.5,0.99,5
794,2.640000,36,95.04,300,1.5,0.99,5
795,2.638889,36,95.00,300,1.5,0.99,5
796,2.640000,36,95.04,300,1.5,0.99,5
797,2.577297,37,95.36,300,1.5,0.99,5
798,2.646667,36,95.28,300,1.5,0.99,5
799,2.509474,38,95.36,300,1.5,0.99,5
800,2.638889,36,95.00,300,1.5,0.99,5
801,2.725714,35,95.40,300,1.5,0.99,5
802,2.720000,35,95.20,300,1.5,0.99,5
803,2.889697,33,95.36,300,1.5,0.99,5
804,2.646667,36,95.28,300,1.5,0.99,5
805,2.730286,35,95.56,300,1.5,0.99,5
806,2.726857,35,95.44,300,1.5,0.99,5
807,2.722286,35,95.28,300,1.5,0.99,5
808,2.642222,36,95.12,300,1.5,0.99,5
809,2.802353,34,95.28,300,1.5,0.99,5
810,2.640000,36,95.04,300,1.5,0.99,5
811,2.720000,35,95.20,300,1.5,0.99,5
812,2.643333,36,95.16,300,1.5,0.99,5
813,2.641111,36,95.08,300,1.5,0.99,5
814,2.653333,36,95.52,300,1.5,0.99,5
815,2.797647,34,95.12,300,1.5,0.99,5
816,2.803529,34,95.32,300,1.5,0.99,5
817,2.795294,34,95.04,300,1.5,0.99,5
818,2.570811,37,95.12,300,1.5,0.99,5
819,2.651111,36,95.44,300,1.5,0.99,5
820,2.794118,34,95.00,300,1.5,0.99,5
821,2.641111,36,95.08,300,1.5,0.99,5
822,2.720000,35,95.20,300,1.5,0.99,5
823,2.444103,39,95.32,300,1.5,0.99,5
824,2.714286,35,95.00,300,1.5,0.99,5
825,2.654444,36,95.56,300,1.5,0.99,5
826,2.725714,35,95.40,300,1.5,0.99,5
827,2.652222,36,95.48,300,1.5,0.99,5
828,2.723429,35,95.32,300,1.5,0.99,5
829,2.646667,36,95.28,300,1.5,0.99,5
830,2.716571,35,95.08,300,1.5,0.99,5
831,2.643333,36,95.16,300,1.5,0.99,5
832,2.640000,36,95.04,300,1.5,0.99,5
833,2.794118,34,95.00,300,1.5,0.99,5
834,2.642222,36,95.12,300,1.5,0.99,5
835,2.889697,33,95.36,300,1.5,0.99,5
836,2.567568,37,95.00,300,1.5,0.99,5
837,2.804706,34,95.36,300,1.5,0.99,5
838,2.642222,36,95.12,300,1.5,0.99,5
839,2.882424,33,95.12,300,1.5,0.99,5
840,2.718857,35,95.16,300,1.5,0.99,5
841,2.575135,37,95.28,300,1.5,0.99,5
842,2.643333,36,95.16,300,1.5,0.99,5
843,2.723429,35,95.32,300,1.5,0.99,5
844,2.567568,37,95.00,300,1.5,0.99,5
845,2.794118,34,95.00,300,1.5,0.99,5
846,2.807059,34,95.44,300,1.5,0.99,5
847,2.881212,33,95.08,300,1.5,0.99,5
848,2.640000,36,95.04,300,1.5,0.99,5
849,2.502105,38,95.08,300,1.5,0.99,5
850,2.798824,34,95.16,300,1.5,0.99,5
851,2.652222,36,95.48,300,1.5,0.99,5
852,2.441026,39,95.20,300,1.5,0.99,5
853,2.725714,35,95.40,300,1.5,0.99,5
854,2.795294,34,95.04,300,1.5,0.99,5
855,2.638889,36,95.00,300,1.5,0.99,5
856,2.800000,34,95.20,300,1.5,0.99,5
857,2.718857,35,95.16,300,1.5,0.99,5
858,2.803529,34,95.32,300,1.5,0.99,5
859,2.722286,35,95.28,300,1.5,0.99,5
860,2.717714,35,95.12,300,1.5,0.99,5
861,2.796471,34,95.08,300,1.5,0.99,5
862,2.647778,36,95.32,300,1.5,0.99,5
863,2.645556,36,95.24,300,1.5,0.99,5
864,2.714286,35,95.00,300,1.5,0.99,5
865,2.723429,35,95.32,300,1.5,0.99,5
866,2.443077,39,95.28,300,1.5,0.99,5
867,2.725714,35,95.40,300,1.5,0.99,5
868,2.647778,36,95.32,300,1.5,0.99,5
869,2.643333,36,95.16,300,1.5,0.99,5
870,2.647778,36,95.32,300,1.5,0.99,5
871,2.730286,35,95.56,300,1.5,0.99,5
872,2.714286,35,95.00,300,1.5,0.99,5
873,2.718857,35,95.16,300,1.5,0.99,5
874,2.794118,34,95.00,300,1.5,0.99,5
875,2.716571,35,95.08,300,1.5,0.99,5
876,2.640000,36,95.04,300,1.5,0.99,5
877,2.646667,36,95.28,300,1.5,0.99,5
878,2.722286,35,95.28,300,1.5,0.99,5
879,2.720000,35,95.20,300,1.5,0.99,5
880,2.571892,37,95.16,300,1.5,0.99,5
881,2.576216,37,95.32,300,1.5,0.99,5
882,2.795294,34,95.04,300,1.5,0.99,5
883,2.717714,35,95.12,300,1.5,0.99,5
884,2.800000,34,95.20,300,1.5,0.99,5
885,2.722286,35,95.28,300,1.5,0.99,5
886,2.722286,35,95.28,300,1.5,0.99,5
887,2.802353,34,95.28,300,1.5,0.99,5
888,2.736000,35,95.76,300,1.5,0.99,5
889,2.722286,35,95.28,300,1.5,0.99,5
890,2.647778,36,95.32,300,1.5,0.99,5
891,2.502105,38,95.08,300,1.5,0.99,5
892,2.716571,35,95.08,300,1.5,0.99,5
893,2.714286,35,95.00,300,1.5,0.99,5
894,2.725714,35,95.40,300,1.5,0.99,5
895,2.720000,35,95.20,300,1.5,0.99,5
896,2.717714,35,95.12,300,1.5,0.99,5
897,2.651111,36,95.44,300,1.5,0.99,5
898,2.797647,34,95.12,300,1.5,0.99,5
899,2.800000,34,95.20,300,1.5,0.99,5
900,2.642222,36,95.12,300,1.5,0.99,5
901,2.715429,35,95.04,300,1.5,0.99,5
902,2.714286,35,95.00,300,1.5,0.99,5
903,2.383000,40,95.32,300,1.5,0.99,5
904,2.794118,34,95.00,300,1.5,0.99,5
905,2.641111,36,95.08,300,1.5,0.99,5
906,2.802353,34,95.28,300,1.5,0.99,5
907,2.643333,36,95.16,300,1.5,0.99,5
908,2.810588,34,95.56,300,1.5,0.99,5
909,2.646667,36,95.28,300,1.5,0.99,5
910,2.798824,34,95.16,300,1.5,0.99,5
911,2.802353,34,95.28,300,1.5,0.99,5
912,2.646667,36,95.28,300,1.5,0.99,5
913,2.720000,35,95.20,300,1.5,0.99,5
914,2.503158,38,95.12,300,1.5,0.99,5
915,2.646667,36,95.28,300,1.5,0.99,5
916,2.884848,33,95.20,300,1.5,0.99,5
917,2.569730,37,95.08,300,1.5,0.99,5
918,2.732571,35,95.64,300,1.5,0.99,5
919,2.645556,36,95.24,300,1.5,0.99,5
920,2.807059,34,95.44,300,1.5,0.99,5
921,2.643333,36,95.16,300,1.5,0.99,5
922,2.716571,35,95.08,300,1.5,0.99,5
923,2.508421,38,95.32,300,1.5,0.99,5
924,2.881212,33,95.08,300,1.5,0.99,5
925,2.809412,34,95.52,300,1.5,0.99,5
926,2.714286,35,95.00,300,1.5,0.99,5
927,2.800000,34,95.20,300,1.5,0.99,5
928,2.638889,36,95.00,300,1.5,0.99,5
929,2.802353,34,95.28,300,1.5,0.99,5
930,2.717714,35,95.12,300,1.5,0.99,5
931,2.646667,36,95.28,300,1.5,0.99,5
932,2.645556,36,95.24,300,1.5,0.99,5
933,2.645556,36,95.24,300,1.5,0.99,5
934,2.718857,35,95.16,300,1.5,0.99,5
935,2.646667,36,95.28,300,1.5,0.99,5
936,2.576216,37,95.32,300,1.5,0.99,5
937,2.577297,37,95.36,300,1.5,0.99,5
938,2.650000,36,95.40,300,1.5,0.99,5
939,2.728000,35,95.48,300,1.5,0.99,5
940,2.652222,36,95.48,300,1.5,0.99,5
941,2.574054,37,95.24,300,1.5,0.99,5
942,2.644444,36,95.20,300,1.5,0.99,5
943,2.714286,35,95.00,300,1.5,0.99,5
944,2.714286,35,95.00,300,1.5,0.99,5
945,2.648889,36,95.36,300,1.5,0.99,5
946,2.579459,37,95.44,300,1.5,0.99,5
947,2.723429,35,95.32,300,1.5,0.99,5
948,2.729143,35,95.52,300,1.5,0.99,5
949,2.805882,34,95.40,300,1.5,0.99,5
950,2.882424,33,95.12,300,1.5,0.99,5
951,2.568649,37,95.04,300,1.5,0.99,5
952,2.718857,35,95.16,300,1.5,0.99,5
953,2.801176,34,95.24,300,1.5,0.99,5
954,2.721143,35,95.24,300,1.5,0.99,5
955,2.717714,35,95.12,300,1.5,0.99,5
956,2.650000,36,95.40,300,1.5,0.99,5
957,2.724571,35,95.36,300,1.5,0.99,5
958,2.715429,35,95.04,300,1.5,0.99,5
959,2.647778,36,95.32,300,1.5,0.99,5
960,2.655556,36,95.60,300,1.5,0.99,5
961,2.723429,35,95.32,300,1.5,0.99,5
962,2.723429,35,95.32,300,1.5,0.99,5
963,2.717714,35,95.12,300,1.5,0.99,5
964,2.644444,36,95.20,300,1.5,0.99,5
965,2.726857,35,95.44,300,1.5,0.99,5
966,2.880000,33,95.04,300,1.5,0.99,5
967,2.794118,34,95.00,300,1.5,0.99,5
968,2.644444,36,95.20,300,1.5,0.99,5
969,2.796471,34,95.08,300,1.5,0.99,5
970,2.808235,34,95.48,300,1.5,0.99,5
971,2.804706,34,95.36,300,1.5,0.99,5
972,2.800000,34,95.20,300,1.5,0.99,5
973,2.795294,34,95.04,300,1.5,0.99,5
974,2.572973,37,95.20,300,1.5,0.99,5
975,2.640000,36,95.04,300,1.5,0.99,5
976,2.720000,35,95.20,300,1.5,0.99,5
977,2.579459,37,95.44,300,1.5,0.99,5
978,2.716571,35,95.08,300,1.5,0.99,5
979,2.640000,36,95.04,300,1.5,0.99,5
980,2.714286,35,95.00,300,1.5,0.99,5
981,2.805882,34,95.40,300,1.5,0.99,5
982,2.647778,36,95.32,300,1.5,0.99,5
983,2.568649,37,95.04,300,1.5,0.99,5
984,2.575135,37,95.28,300,1.5,0.99,5
985,2.718857,35,95.16,300,1.5,0.99,5
986,2.721143,35,95.24,300,1.5,0.99,5
987,2.575135,37,95.28,300,1.5,0.99,5
988,2.657778,36,95.68,300,1.5,0.99,5
989,2.569730,37,95.08,300,1.5,0.99,5
990,2.507368,38,95.28,300,1.5,0.99,5
991,2.725714,35,95.40,300,1.5,0.99,5
992,2.505263,38,95.20,300,1.5,0.99,5
993,2.643333,36,95.16,300,1.5,0.99,5
994,2.651111,36,95.44,300,1.5,0.99,5
995,2.796471,34,95.08,300,1.5,0.99,5
996,2.882424,33,95.12,300,1.5,0.99,5
997,2.798824,34,95.16,300,1.5,0.99,5
998,2.731429,35,95.60,300,1.5,0.99,5
999,2.794118,34,95.00,300,1.5,0.99,5
1000,2.724571,35,95.36,300,1.5,0.99,5
1001,2.800000,34,95.20,300,1.5,0.99,5
1002,2.577297,37,95.36,300,1.5,0.99,5
1003,2.728000,35,95.48,300,1.5,0.99,5
1004,2.732571,35,95.64,300,1.5,0.99,5
1005,2.577297,37,95.36,300,1.5,0.99,5
1006,2.638889,36,95.00,300,1.5,0.99,5
1007,2.575135,37,95.28,300,1.5,0.99,5
1008,2.722286,35,95.28,300,1.5,0.99,5
1009,2.726857,35,95.44,300,1.5,0.99,5
1010,2.579459,37,95.44,300,1.5,0.99,5
1011,2.579459,37,95.44,300,1.5,0.99,5
1012,2.811765,34,95.60,300,1.5,0.99,5
1013,2.568649,37,95.04,300,1.5,0.99,5
1014,2.800000,34,95.20,300,1.5,0.99,5
1015,2.811765,34,95.60,300,1.5,0.99,5
1016,2.641111,36,95.08,300,1.5,0.99,5
1017,2.809412,34,95.52,300,1.5,0.99,5
1018,2.569730,37,95.08,300,1.5,0.99,5
1019,2.716571,35,95.08,300,1.5,0.99,5
1020,2.646667,36,95.28,300,1.5,0.99,5
1021,2.643333,36,95.16,300,1.5,0.99,5
1022,2.578378,37,95.40,300,1.5,0.99,5
1023,2.800000,34,95.20,300,1.5,0.99,5
1024,2.797647,34,95.12,300,1.5,0.99,5
1025,2.715429,35,95.04,300,1.5,0.99,5
1026,2.720000,35,95.20,300,1.5,0.99,5
1027,2.647778,36,95.32,300,1.5,0.99,5
1028,2.721143,35,95.24,300,1.5,0.99,5
1029,2.575135,37,95.28,300,1.5,0.99,5
1030,2.880000,33,95.04,300,1.5,0.99,5
1031,2.642222,36,95.12,300,1.5,0.99,5
1032,2.718857,35,95.16,300,1.5,0.99,5
1033,2.725714,35,95.40,300,1.5,0.99,5
1034,2.720000,35,95.20,300,1.5,0.99,5
1035,2.881212,33,95.08,300,1.5,0.99,5
1036,2.795294,34,95.04,300,1.5,0.99,5
1037,2.801176,34,95.24,300,1.5,0.99,5
1038,2.878788,33,95.00,300,1.5,0.99,5
1039,2.577297,37,95.36,300,1.5,0.99,5
1040,2.801176,34,95.24,300,1.5,0.99,5
1041,2.579459,37,95.44,300,1.5,0.99,5
1042,2.715429,35,95.04,300,1.5,0.99,5
1043,2.571892,37,95.16,300,1.5,0.99,5
1044,2.572973,37,95.20,300,1.5,0.99,5
1045,2.577297,37,95.36,300,1.5,0.99,5
1046,2.716571,35,95.08,300,1.5,0.99,5
1047,2.721143,35,95.24,300,1.5,0.99,5
1048,2.436923,39,95.04,300,1.5,0.99,5
1049,2.638889,36,95.00,300,1.5,0.99,5
1050,2.644444,36,95.20,300,1.5,0.99,5
1051,2.642222,36,95.12,300,1.5,0.99,5
1052,2.715429,35,95.04,300,1.5,0.99,5
1053,2.722286,35,95.28,300,1.5,0.99,5
1054,2.646667,36,95.28,300,1.5,0.99,5
1055,2.507368,38,95.28,300,1.5,0.99,5
1056,2.646667,36,95.28,300,1.5,0.99,5
1057,2.804706,34,95.36,300,1.5,0.99,5
1058,2.641111,36,95.08,300,1.5,0.99,5
1059,2.577297,37,95.36,300,1.5,0.99,5
1060,2.720000,35,95.20,300,1.5,0.99,5
1061,2.880000,33,95.04,300,1.5,0.99,5
1062,2.644444,36,95.20,300,1.5,0.99,5
1063,2.645556,36,95.24,300,1.5,0.99,5
1064,2.584865,37,95.64,300,1.5,0.99,5
1065,2.642222,36,95.12,300,1.5,0.99,5
1066,2.795294,34,95.04,300,1.5,0.99,5
1067,2.723429,35,95.32,300,1.5,0.99,5
1068,2.574054,37,95.24,300,1.5,0.99,5
1069,2.808235,34,95.48,300,1.5,0.99,5
1070,2.797647,34,95.12,300,1.5,0.99,5
1071,2.658889,36,95.72,300,1.5,0.99,5
1072,2.578378,37,95.40,300,1.5,0.99,5
1073,2.715429,35,95.04,300,1.5,0.99,5
1074,2.802353,34,95.28,300,1.5,0.99,5
1075,2.722286,35,95.28,300,1.5,0.99,5
1076,2.505263,38,95.20,300,1.5,0.99,5
1077,2.644444,36,95.20,300,1.5,0.99,5
1078,2.724571,35,95.36,300,1.5,0.99,5
1079,2.646667,36,95.28,300,1.5,0.99,5
1080,2.658889,36,95.72,300,1.5,0.99,5
1081,2.652222,36,95.48,300,1.5,0.99,5
1082,2.652222,36,95.48,300,1.5,0.99,5
1083,2.653333,36,95.52,300,1.5,0.99,5
1084,2.638889,36,95.00,300,1.5,0.99,5
1085,2.722286,35,95.28,300,1.5,0.99,5
1086,2.653333,36,95.52,300,1.5,0.99,5
1087,2.641111,36,95.08,300,1.5,0.99,5
1088,2.797647,34,95.12,300,1.5,0.99,5
1089,2.652222,36,95.48,300,1.5,0.99,5
1090,2.797647,34,95.12,300,1.5,0.99,5
1091,2.720000,35,95.20,300,1.5,0.99,5
1092,2.578378,37,95.40,300,1.5,0.99,5
1093,2.729143,35,95.52,300,1.5,0.99,5
1094,2.650000,36,95.40,300,1.5,0.99,5
1095,2.570811,37,95.12,300,1.5,0.99,5
1096,2.642222,36,95.12,300,1.5,0.99,5
1097,2.729143,35,95.52,300,1.5,0.99,5
1098,2.731429,35,95.60,300,1.5,0.99,5
1099,2.796471,34,95.08,300,1.5,0.99,5
1100,2.579459,37,95.44,300,1.5,0.99,5
1101,2.795294,34,95.04,300,1.5,0.99,5
1102,2.645556,36,95.24,300,1.5,0.99,5
1103,2.647778,36,95.32,300,1.5,0.99,5
1104,2.728000,35,95.48,300,1.5,0.99,5
1105,2.725714,35,95.40,300,1.5,0.99,5
1106,2.651111,36,95.44,300,1.5,0.99,5
1107,2.716571,35,95.08,300,1.5,0.99,5
1108,2.717714,35,95.12,300,1.5,0.99,5
1109,2.647778,36,95.32,300,1.5,0.99,5
1110,2.796471,34,95.08,300,1.5,0.99,5
1111,2.796471,34,95.08,300,1.5,0.99,5
1112,2.718857,35,95.16,300,1.5,0.99,5
1113,2.724571,35,95.36,300,1.5,0.99,5
1114,2.723429,35,95.32,300,1.5,0.99,5
1115,2.720000,35,95.20,300,1.5,0.99,5
1116,2.648889,36,95.36,300,1.5,0.99,5
1117,2.722286,35,95.28,300,1.5,0.99,5
1118,2.803529,34,95.32,300,1.5,0.99,5
1119,2.723429,35,95.32,300,1.5,0.99,5
1120,2.723429,35,95.32,300,1.5,0.99,5
1121,2.717714,35,95.12,300,1.5,0.99,5
1122,2.723429,35,95.32,300,1.5,0.99,5
1123,2.795294,34,95.04,300,1.5,0.99,5
1124,2.722286,35,95.28,300,1.5,0.99,5
1125,2.638889,36,95.00,300,1.5,0.99,5
1126,2.720000,35,95.20,300,1.5,0.99,5
1127,2.798824,34,95.16,300,1.5,0.99,5
1128,2.638889,36,95.00,300,1.5,0.99,5
1129,2.805882,34,95.40,300,1.5,0.99,5
1130,2.644444,36,95.20,300,1.5,0.99,5
1131,2.647778,36,95.32,300,1.5,0.99,5
1132,2.576216,37,95.32,300,1.5,0.99,5
1133,2.644444,36,95.20,300,1.5,0.99,5
1134,2.720000,35,95.20,300,1.5,0.99,5
1135,2.638889,36,95.00,300,1.5,0.99,5
1136,2.574054,37,95.24,300,1.5,0.99,5
1137,2.574054,37,95.24,300,1.5,0.99,5
1138,2.717714,35,95.12,300,1.5,0.99,5
1139,2.720000,35,95.20,300,1.5,0.99,5
1140,2.642222,36,95.12,300,1.5,0.99,5
1141,2.723429,35,95.32,300,1.5,0.99,5
1142,2.640000,36,95.04,300,1.5,0.99,5
1143,2.501053,38,95.04,300,1.5,0.99,5
1144,2.714286,35,95.00,300,1.5,0.99,5
1145,2.642222,36,95.12,300,1.5,0.99,5
1146,2.721143,35,95.24,300,1.5,0.99,5
1147,2.732571,35,95.64,300,1.5,0.99,5
1148,2.718857,35,95.16,300,1.5,0.99,5
1149,2.644444,36,95.20,300,1.5,0.99,5
1150,2.643333,36,95.16,300,1.5,0.99,5
1151,2.718857,35,95.16,300,1.5,0.99,5
1152,2.720000,35,95.20,300,1.5,0.99,5
1153,2.715429,35,95.04,300,1.5,0.99,5
1154,2.641111,36,95.08,300,1.5,0.99,5
1155,2.722286,35,95.28,300,1.5,0.99,5
1156,2.794118,34,95.00,300,1.5,0.99,5
1157,2.714286,35,95.00,300,1.5,0.99,5
1158,2.648889,36,95.36,300,1.5,0.99,5
1159,2.714286,35,95.00,300,1.5,0.99,5
1160,2.638889,36,95.00,300,1.5,0.99,5
1161,2.797647,34,95.12,300,1.5,0.99,5
1162,2.800000,34,95.20,300,1.5,0.99,5
1163,2.582703,37,95.56,300,1.5,0.99,5
1164,2.576216,37,95.32,300,1.5,0.99,5
1165,2.508421,38,95.32,300,1.5,0.99,5
1166,2.803529,34,95.32,300,1.5,0.99,5
1167,2.794118,34,95.00,300,1.5,0.99,5
1168,2.569730,37,95.08,300,1.5,0.99,5
1169,2.801176,34,95.24,300,1.5,0.99,5
1170,2.569730,37,95.08,300,1.5,0.99,5
1171,2.642222,36,95.12,300,1.5,0.99,5
1172,2.798824,34,95.16,300,1.5,0.99,5
1173,2.651111,36,95.44,300,1.5,0.99,5
1174,2.723429,35,95.32,300,1.5,0.99,5
1175,2.880000,33,95.04,300,1.5,0.99,5
1176,2.577297,37,95.36,300,1.5,0.99,5
1177,2.645556,36,95.24,300,1.5,0.99,5
1178,2.718857,35,95.16,300,1.5,0.99,5
1179,2.716571,35,95.08,300,1.5,0.99,5
1180,2.795294,34,95.04,300,1.5,0.99,5
1181,2.715429,35,95.04,300,1.5,0.99,5
1182,2.643333,36,95.16,300,1.5,0.99,5
1183,2.638889,36,95.00,300,1.5,0.99,5
1184,2.715429,35,95.04,300,1.5,0.99,5
1185,2.572973,37,95.20,300,1.5,0.99,5
1186,2.578378,37,95.40,300,1.5,0.99,5
1187,2.807059,34,95.44,300,1.5,0.99,5
1188,2.582703,37,95.56,300,1.5,0.99,5
1189,2.642222,36,95.12,300,1.5,0.99,5
1190,2.795294,34,95.04,300,1.5,0.99,5
1191,2.807059,34,95.44,300,1.5,0.99,5
1192,2.731429,35,95.60,300,1.5,0.99,5
1193,2.568649,37,95.04,300,1.5,0.99,5
1194,2.647778,36,95.32,300,1.5,0.99,5
1195,2.652222,36,95.48,300,1.5,0.99,5
1196,2.887273,33,95.28,300,1.5,0.99,5
1197,2.798824,34,95.16,300,1.5,0.99,5
1198,2.643333,36,95.16,300,1.5,0.99,5
1199,2.721143,35,95.24,300,1.5,0.99,5
1200,2.801176,34,95.24,300,1.5,0.99,5
1201,2.808235,34,95.48,300,1.5,0.99,5
1202,2.878788,33,95.00,300,1.5,0.99,5
1203,2.794118,34,95.00,300,1.5,0.99,5
1204,2.803529,34,95.32,300,1.5,0.99,5
1205,2.880000,33,95.04,300,1.5,0.99,5
1206,2.717714,35,95.12,300,1.5,0.99,5
1207,2.729143,35,95.52,300,1.5,0.99,5
1208,2.714286,35,95.00,300,1.5,0.99,5
1209,2.717714,35,95.12,300,1.5,0.99,5
1210,2.714286,35,95.00,300,1.5,0.99,5
1211,2.574054,37,95.24,300,1.5,0.99,5
1212,2.572973,37,95.20,300,1.5,0.99,5
1213,2.718857,35,95.16,300,1.5,0.99,5
1214,2.646667,36,95.28,300,1.5,0.99,5
1215,2.796471,34,95.08,300,1.5,0.99,5
1216,2.650000,36,95.40,300,1.5,0.99,5
1217,2.577297,37,95.36,300,1.5,0.99,5
1218,2.726857,35,95.44,300,1.5,0.99,5
1219,2.720000,35,95.20,300,1.5,0.99,5
1220,2.809412,34,95.52,300,1.5,0.99,5
1221,2.878788,33,95.00,300,1.5,0.99,5
1222,2.652222,36,95.48,300,1.5,0.99,5
1223,2.794118,34,95.00,300,1.5,0.99,5
1224,2.651111,36,95.44,300,1.5,0.99,5
1225,2.643333,36,95.16,300,1.5,0.99,5
1226,2.644444,36,95.20,300,1.5,0.99,5
1227,2.714286,35,95.00,300,1.5,0.99,5
1228,2.716571,35,95.08,300,1.5,0.99,5
1229,2.651111,36,95.44,300,1.5,0.99,5
1230,2.800000,34,95.20,300,1.5,0.99,5
1231,2.569730,37,95.08,300,1.5,0.99,5
1232,2.889697,33,95.36,300,1.5,0.99,5
1233,2.652222,36,95.48,300,1.5,0.99,5
1234,2.646667,36,95.28,300,1.5,0.99,5
1235,2.651111,36,95.44,300,1.5,0.99,5
1236,2.574054,37,95.24,300,1.5,0.99,5
1237,2.506316,38,95.24,300,1.5,0.99,5
1238,2.571892,37,95.16,300,1.5,0.99,5
1239,2.651111,36,95.44,300,1.5,0.99,5
1240,2.643333,36,95.16,300,1.5,0.99,5
1241,2.647778,36,95.32,300,1.5,0.99,5
1242,2.796471,34,95.08,300,1.5,0.99,5
1243,2.511579,38,95.44,300,1.5,0.99,5
1244,2.643333,36,95.16,300,1.5,0.99,5
1245,2.645556,36,95.24,300,1.5,0.99,5
1246,2.652222,36,95.48,300,1.5,0.99,5
1247,2.797647,34,95.12,300,1.5,0.99,5
1248,2.718857,35,95.16,300,1.5,0.99,5
1249,2.645556,36,95.24,300,1.5,0.99,5
1250,2.652222,36,95.48,300,1.5,0.99,5
1251,2.718857,35,95.16,300,1.5,0.99,5
1252,2.720000,35,95.20,300,1.5,0.99,5
1253,2.812941,34,95.64,300,1.5,0.99,5
1254,2.801176,34,95.24,300,1.5,0.99,5
1255,2.641111,36,95.08,300,1.5,0.99,5
1256,2.721143,35,95.24,300,1.5,0.99,5
1257,2.716571,35,95.08,300,1.5,0.99,5
1258,2.720000,35,95.20,300,1.5,0.99,5
1259,2.720000,35,95.20,300,1.5,0.99,5
1260,2.648889,36,95.36,300,1.5,0.99,5
1261,2.650000,36,95.40,300,1.5,0.99,5
1262,2.640000,36,95.04,300,1.5,0.99,5
1263,2.650000,36,95.40,300,1.5,0.99,5
1264,2.576216,37,95.32,300,1.5,0.99,5
1265,2.570811,37,95.12,300,1.5,0.99,5
1266,2.807059,34,95.44,300,1.5,0.99,5
1267,2.642222,36,95.12,300,1.5,0.99,5
1268,2.803529,34,95.32,300,1.5,0.99,5
1269,2.794118,34,95.00,300,1.5,0.99,5
1270,2.884848,33,95.20,300,1.5,0.99,5
1271,2.579459,37,95.44,300,1.5,0.99,5
1272,2.716571,35,95.08,300,1.5,0.99,5
1273,2.721143,35,95.24,300,1.5,0.99,5
1274,2.645556,36,95.24,300,1.5,0.99,5
1275,2.724571,35,95.36,300,1.5,0.99,5
1276,2.715429,35,95.04,300,1.5,0.99,5
1277,2.644444,36,95.20,300,1.5,0.99,5
1278,2.801176,34,95.24,300,1.5,0.99,5
1279,2.655556,36,95.60,300,1.5,0.99,5
1280,2.644444,36,95.20,300,1.5,0.99,5
1281,2.578378,37,95.40,300,1.5,0.99,5
1282,2.717714,35,95.12,300,1.5,0.99,5
1283,2.570811,37,95.12,300,1.5,0.99,5
1284,2.797647,34,95.12,300,1.5,0.99,5
1285,2.569730,37,95.08,300,1.5,0.99,5
1286,2.505263,38,95.20,300,1.5,0.99,5
1287,2.722286,35,95.28,300,1.5,0.99,5
1288,2.894545,33,95.52,300,1.5,0.99,5
1289,2.968750,32,95.00,300,1.5,0.99,5
1290,2.569730,37,95.08,300,1.5,0.99,5
1291,2.570811,37,95.12,300,1.5,0.99,5
1292,2.888485,33,95.32,300,1.5,0.99,5
1293,2.715429,35,95.04,300,1.5,0.99,5
1294,2.648889,36,95.36,300,1.5,0.99,5
1295,2.645556,36,95.24,300,1.5,0.99,5
1296,2.651111,36,95.44,300,1.5,0.99,5
1297,2.644444,36,95.20,300,1.5,0.99,5
1298,2.647778,36,95.32,300,1.5,0.99,5
1299,2.647778,36,95.32,300,1.5,0.99,5
1300,2.714286,35,95.00,300,1.5,0.99,5
1301,2.657778,36,95.68,300,1.5,0.99,5
1302,2.642222,36,95.12,300,1.5,0.99,5
1303,2.720000,35,95.20,300,1.5,0.99,5
1304,2.718857,35,95.16,300,1.5,0.99,5
1305,2.718857,35,95.16,300,1.5,0.99,5
1306,2.800000,34,95.20,300,1.5,0.99,5
1307,2.651111,36,95.44,300,1.5,0.99,5
1308,2.717714,35,95.12,300,1.5,0.99,5
1309,2.717714,35,95.12,300,1.5,0.99,5
1310,2.882424,33,95.12,300,1.5,0.99,5
1311,2.798824,34,95.16,300,1.5,0.99,5
1312,2.581622,37,95.52,300,1.5,0.99,5
1313,2.803529,34,95.32,300,1.5,0.99,5
1314,2.796471,34,95.08,300,1.5,0.99,5
1315,2.715429,35,95.04,300,1.5,0.99,5
1316,2.644444,36,95.20,300,1.5,0.99,5
1317,2.642222,36,95.12,300,1.5,0.99,5
1318,2.720000,35,95.20,300,1.5,0.99,5
1319,2.718857,35,95.16,300,1.5,0.99,5
1320,2.795294,34,95.04,300,1.5,0.99,5
1321,2.651111,36,95.44,300,1.5,0.99,5
1322,2.721143,35,95.24,300,1.5,0.99,5
1323,2.722286,35,95.28,300,1.5,0.99,5
1324,2.882424,33,95.12,300,1.5,0.99,5
1325,2.797647,34,95.12,300,1.5,0.99,5
1326,2.579459,37,95.44,300,1.5,0.99,5
1327,2.646667,36,95.28,300,1.5,0.99,5
1328,2.579459,37,95.44,300,1.5,0.99,5
1329,2.643333,36,95.16,300,1.5,0.99,5
1330,2.641111,36,95.08,300,1.5,0.99,5
1331,2.882424,33,95.12,300,1.5,0.99,5
1332,2.720000,35,95.20,300,1.5,0.99,5
1333,2.641111,36,95.08,300,1.5,0.99,5
1334,2.640000,36,95.04,300,1.5,0.99,5
1335,2.718857,35,95.16,300,1.5,0.99,5
1336,2.716571,35,95.08,300,1.5,0.99,5
1337,2.721143,35,95.24,300,1.5,0.99,5
1338,2.721143,35,95.24,300,1.5,0.99,5
1339,2.724571,35,95.36,300,1.5,0.99,5
1340,2.878788,33,95.00,300,1.5,0.99,5
1341,2.724571,35,95.36,300,1.5,0.99,5
1342,2.794118,34,95.00,300,1.5,0.99,5
1343,2.651111,36,95.44,300,1.5,0.99,5
1344,2.650000,36,95.40,300,1.5,0.99,5
1345,2.642222,36,95.12,300,1.5,0.99,5
1346,2.797647,34,95.12,300,1.5,0.99,5
1347,2.447179,39,95.44,300,1.5,0.99,5
1348,2.723429,35,95.32,300,1.5,0.99,5
1349,2.732571,35,95.64,300,1.5,0.99,5
1350,2.720000,35,95.20,300,1.5,0.99,5
1351,2.574054,37,95.24,300,1.5,0.99,5
1352,2.641111,36,95.08,300,1.5,0.99,5
1353,2.878788,33,95.00,300,1.5,0.99,5
1354,2.578378,37,95.40,300,1.5,0.99,5
1355,2.795294,34,95.04,300,1.5,0.99,5
1356,2.794118,34,95.00,300,1.5,0.99,5
1357,2.646667,36,95.28,300,1.5,0.99,5
1358,2.723429,35,95.32,300,1.5,0.99,5
1359,2.571892,37,95.16,300,1.5,0.99,5
1360,2.802353,34,95.28,300,1.5,0.99,5
1361,2.645556,36,95.24,300,1.5,0.99,5
1362,2.718857,35,95.16,300,1.5,0.99,5
1363,2.574054,37,95.24,300,1.5,0.99,5
1364,2.729143,35,95.52,300,1.5,0.99,5
1365,2.574054,37,95.24,300,1.5,0.99,5
1366,2.794118,34,95.00,300,1.5,0.99,5
1367,2.720000,35,95.20,300,1.5,0.99,5
1368,2.721143,35,95.24,300,1.5,0.99,5
1369,2.881212,33,95.08,300,1.5,0.99,5
1370,2.655556,36,95.60,300,1.5,0.99,5
1371,2.794118,34,95.00,300,1.5,0.99,5
1372,2.803529,34,95.32,300,1.5,0.99,5
1373,2.638889,36,95.00,300,1.5,0.99,5
1374,2.645556,36,95.24,300,1.5,0.99,5
1375,2.644444,36,95.20,300,1.5,0.99,5
1376,2.641111,36,95.08,300,1.5,0.99,5
1377,2.726857,35,95.44,300,1.5,0.99,5
1378,2.642222,36,95.12,300,1.5,0.99,5
1379,2.886061,33,95.24,300,1.5,0.99,5
1380,2.726857,35,95.44,300,1.5,0.99,5
1381,2.571892,37,95.16,300,1.5,0.99,5
1382,2.645556,36,95.24,300,1.5,0.99,5
1383,2.722286,35,95.28,300,1.5,0.99,5
1384,2.579459,37,95.44,300,1.5,0.99,5
1385,2.646667,36,95.28,300,1.5,0.99,5
1386,2.650000,36,95.40,300,1.5,0.99,5
1387,2.644444,36,95.20,300,1.5,0.99,5
1388,2.721143,35,95.24,300,1.5,0.99,5
1389,2.645556,36,95.24,300,1.5,0.99,5
1390,2.723429,35,95.32,300,1.5,0.99,5
1391,2.569730,37,95.08,300,1.5,0.99,5
1392,2.714286,35,95.00,300,1.5,0.99,5
1393,2.798824,34,95.16,300,1.5,0.99,5
1394,2.717714,35,95.12,300,1.5,0.99,5
1395,2.804706,34,95.36,300,1.5,0.99,5
1396,2.574054,37,95.24,300,1.5,0.99,5
1397,2.501053,38,95.04,300,1.5,0.99,5
1398,2.726857,35,95.44,300,1.5,0.99,5
1399,2.507368,38,95.28,300,1.5,0.99,5
1400,2.808235,34,95.48,300,1.5,0.99,5
1401,2.884848,33,95.20,300,1.5,0.99,5
1402,2.720000,35,95.20,300,1.5,0.99,5
1403,2.504211,38,95.16,300,1.5,0.99,5
1404,2.724571,35,95.36,300,1.5,0.99,5
1405,2.648889,36,95.36,300,1.5,0.99,5
1406,2.810588,34,95.56,300,1.5,0.99,5
1407,2.796471,34,95.08,300,1.5,0.99,5
1408,2.797647,34,95.12,300,1.5,0.99,5
1409,2.643333,36,95.16,300,1.5,0.99,5
1410,2.650000,36,95.40,300,1.5,0.99,5
1411,2.807059,34,95.44,300,1.5,0.99,5
1412,2.804706,34,95.36,300,1.5,0.99,5
1413,2.645556,36,95.24,300,1.5,0.99,5
1414,2.725714,35,95.40,300,1.5,0.99,5
1415,2.803529,34,95.32,300,1.5,0.99,5
1416,2.722286,35,95.28,300,1.5,0.99,5
1417,2.647778,36,95.32,300,1.5,0.99,5
1418,2.724571,35,95.36,300,1.5,0.99,5
1419,2.723429,35,95.32,300,1.5,0.99,5
1420,2.654444,36,95.56,300,1.5,0.99,5
1421,2.642222,36,95.12,300,1.5,0.99,5
1422,2.638889,36,95.00,300,1.5,0.99,5
1423,2.721143,35,95.24,300,1.5,0.99,5
1424,2.798824,34,95.16,300,1.5,0.99,5
1425,2.569730,37,95.08,300,1.5,0.99,5
1426,2.643333,36,95.16,300,1.5,0.99,5
1427,2.714286,35,95.00,300,1.5,0.99,5
1428,2.641111,36,95.08,300,1.5,0.99,5
1429,2.725714,35,95.40,300,1.5,0.99,5
1430,2.643333,36,95.16,300,1.5,0.99,5
1431,2.722286,35,95.28,300,1.5,0.99,5
1432,2.722286,35,95.28,300,1.5,0.99,5
1433,2.641111,36,95.08,300,1.5,0.99,5
1434,2.570811,37,95.12,300,1.5,0.99,5
1435,2.570811,37,95.12,300,1.5,0.99,5
1436,2.723429,35,95.32,300,1.5,0.99,5
1437,2.650000,36,95.40,300,1.5,0.99,5
1438,2.724571,35,95.36,300,1.5,0.99,5
1439,2.648889,36,95.36,300,1.5,0.99,5
1440,2.728000,35,95.48,300,1.5,0.99,5
1441,2.795294,34,95.04,300,1.5,0.99,5
1442,2.642222,36,95.12,300,1.5,0.99,5
1443,2.643333,36,95.16,300,1.5,0.99,5
1444,2.800000,34,95.20,300,1.5,0.99,5
1445,2.880000,33,95.04,300,1.5,0.99,5
1446,2.803529,34,95.32,300,1.5,0.99,5
1447,2.640000,36,95.04,300,1.5,0.99,5
1448,2.717714,35,95.12,300,1.5,0.99,5
1449,2.720000,35,95.20,300,1.5,0.99,5
1450,2.644444,36,95.20,300,1.5,0.99,5
1451,2.714286,35,95.00,300,1.5,0.99,5
1452,2.654444,36,95.56,300,1.5,0.99,5
1453,2.569730,37,95.08,300,1.5,0.99,5
1454,2.714286,35,95.00,300,1.5,0.99,5
1455,2.728000,35,95.48,300,1.5,0.99,5
1456,2.648889,36,95.36,300,1.5,0.99,5
1457,2.638889,36,95.00,300,1.5,0.99,5
1458,2.718857,35,95.16,300,1.5,0.99,5
1459,2.652222,36,95.48,300,1.5,0.99,5
1460,2.640000,36,95.04,300,1.5,0.99,5
1461,2.796471,34,95.08,300,1.5,0.99,5
1462,2.642222,36,95.12,300,1.5,0.99,5
1463,2.716571,35,95.08,300,1.5,0.99,5
1464,2.886061,33,95.24,300,1.5,0.99,5
1465,2.506316,38,95.24,300,1.5,0.99,5
1466,2.640000,36,95.04,300,1.5,0.99,5
1467,2.641111,36,95.08,300,1.5,0.99,5
1468,2.723429,35,95.32,300,1.5,0.99,5
1469,2.638889,36,95.00,300,1.5,0.99,5
1470,2.721143,35,95.24,300,1.5,0.99,5
1471,2.575135,37,95.28,300,1.5,0.99,5
1472,2.721143,35,95.24,300,1.5,0.99,5
1473,2.724571,35,95.36,300,1.5,0.99,5
1474,2.577297,37,95.36,300,1.5,0.99,5
1475,2.577297,37,95.36,300,1.5,0.99,5
1476,2.643333,36,95.16,300,1.5,0.99,5
1477,2.644444,36,95.20,300,1.5,0.99,5
1478,2.718857,35,95.16,300,1.5,0.99,5
1479,2.794118,34,95.00,300,1.5,0.99,5
1480,2.721143,35,95.24,300,1.5,0.99,5
1481,2.641111,36,95.08,300,1.5,0.99,5
1482,2.714286,35,95.00,300,1.5,0.99,5
1483,2.723429,35,95.32,300,1.5,0.99,5
1484,2.644444,36,95.20,300,1.5,0.99,5
1485,2.642222,36,95.12,300,1.5,0.99,5
1486,2.644444,36,95.20,300,1.5,0.99,5
1487,2.977500,32,95.28,300,1.5,0.99,5
1488,2.723429,35,95.32,300,1.5,0.99,5
1489,2.574054,37,95.24,300,1.5,0.99,5
1490,2.648889,36,95.36,300,1.5,0.99,5
1491,2.645556,36,95.24,300,1.5,0.99,5
1492,2.578378,37,95.40,300,1.5,0.99,5
1493,2.805882,34,95.40,300,1.5,0.99,5
1494,2.717714,35,95.12,300,1.5,0.99,5
1495,2.728000,35,95.48,300,1.5,0.99,5
1496,2.730286,35,95.56,300,1.5,0.99,5
1497,2.641111,36,95.08,300,1.5,0.99,5
1498,2.714286,35,95.00,300,1.5,0.99,5
1499,2.722286,35,95.28,300,1.5,0.99,5
1500,2.798824,34,95.16,300,1.5,0.99,5
1501,2.725714,35,95.40,300,1.5,0.99,5
1502,2.798824,34,95.16,300,1.5,0.99,5
1503,2.718857,35,95.16,300,1.5,0.99,5
1504,2.716571,35,95.08,300,1.5,0.99,5
1505,2.723429,35,95.32,300,1.5,0.99,5
1506,2.718857,35,95.16,300,1.5,0.99,5
1507,2.643333,36,95.16,300,1.5,0.99,5
1508,2.725714,35,95.40,300,1.5,0.99,5
1509,2.716571,35,95.08,300,1.5,0.99,5
1510,2.645556,36,95.24,300,1.5,0.99,5
1511,2.717714,35,95.12,300,1.5,0.99,5
1512,2.803529,34,95.32,300,1.5,0.99,5
1513,2.798824,34,95.16,300,1.5,0.99,5
1514,2.718857,35,95.16,300,1.5,0.99,5
1515,2.648889,36,95.36,300,1.5,0.99,5
1516,2.796471,34,95.08,300,1.5,0.99,5
1517,2.720000,35,95.20,300,1.5,0.99,5
1518,2.714286,35,95.00,300,1.5,0.99,5
1519,2.720000,35,95.20,300,1.5,0.99,5
1520,2.729143,35,95.52,300,1.5,0.99,5
1521,2.731429,35,95.60,300,1.5,0.99,5
1522,2.654444,36,95.56,300,1.5,0.99,5
1523,2.647778,36,95.32,300,1.5,0.99,5
1524,2.722286,35,95.28,300,1.5,0.99,5
1525,2.801176,34,95.24,300,1.5,0.99,5
1526,2.717714,35,95.12,300,1.5,0.99,5
1527,2.796471,34,95.08,300,1.5,0.99,5
1528,2.804706,34,95.36,300,1.5,0.99,5
1529,2.715429,35,95.04,300,1.5,0.99,5
1530,2.721143,35,95.24,300,1.5,0.99,5
1531,2.800000,34,95.20,300,1.5,0.99,5
1532,2.645556,36,95.24,300,1.5,0.99,5
1533,2.800000,34,95.20,300,1.5,0.99,5
1534,2.571892,37,95.16,300,1.5,0.99,5
1535,2.576216,37,95.32,300,1.5,0.99,5
1536,2.796471,34,95.08,300,1.5,0.99,5
1537,2.722286,35,95.28,300,1.5,0.99,5
1538,2.642222,36,95.12,300,1.5,0.99,5
1539,2.574054,37,95.24,300,1.5,0.99,5
1540,2.651111,36,95.44,300,1.5,0.99,5
1541,2.574054,37,95.24,300,1.5,0.99,5
1542,2.638889,36,95.00,300,1.5,0.99,5
1543,2.647778,36,95.32,300,1.5,0.99,5
1544,2.579459,37,95.44,300,1.5,0.99,5
1545,2.647778,36,95.32,300,1.5,0.99,5
1546,2.720000,35,95.20,300,1.5,0.99,5
1547,2.572973,37,95.20,300,1.5,0.99,5
1548,2.880000,33,95.04,300,1.5,0.99,5
1549,2.721143,35,95.24,300,1.5,0.99,5
1550,2.797647,34,95.12,300,1.5,0.99,5
1551,2.644444,36,95.20,300,1.5,0.99,5
1552,2.646667,36,95.28,300,1.5,0.99,5
1553,2.715429,35,95.04,300,1.5,0.99,5
1554,2.716571,35,95.08,300,1.5,0.99,5
1555,2.800000,34,95.20,300,1.5,0.99,5
1556,2.729143,35,95.52,300,1.5,0.99,5
1557,2.715429,35,95.04,300,1.5,0.99,5
1558,2.893333,33,95.48,300,1.5,0.99,5
1559,2.655556,36,95.60,300,1.5,0.99,5
1560,2.714286,35,95.00,300,1.5,0.99,5
1561,2.511579,38,95.44,300,1.5,0.99,5
1562,2.717714,35,95.12,300,1.5,0.99,5
1563,2.721143,35,95.24,300,1.5,0.99,5
1564,2.580541,37,95.48,300,1.5,0.99,5
1565,2.648889,36,95.36,300,1.5,0.99,5
1566,2.576216,37,95.32,300,1.5,0.99,5
1567,2.714286,35,95.00,300,1.5,0.99,5
1568,2.638889,36,95.00,300,1.5,0.99,5
1569,2.644444,36,95.20,300,1.5,0.99,5
1570,2.720000,35,95.20,300,1.5,0.99,5
1571,2.714286,35,95.00,300,1.5,0.99,5
1572,2.886061,33,95.24,300,1.5,0.99,5
1573,2.809412,34,95.52,300,1.5,0.99,5
1574,2.577297,37,95.36,300,1.5,0.99,5
1575,2.641111,36,95.08,300,1.5,0.99,5
1576,2.718857,35,95.16,300,1.5,0.99,5
1577,2.802353,34,95.28,300,1.5,0.99,5
1578,2.715429,35,95.04,300,1.5,0.99,5
1579,2.720000,35,95.20,300,1.5,0.99,5
1580,2.724571,35,95.36,300,1.5,0.99,5
1581,2.796471,34,95.08,300,1.5,0.99,5
1582,2.720000,35,95.20,300,1.5,0.99,5
1583,2.714286,35,95.00,300,1.5,0.99,5
1584,2.800000,34,95.20,300,1.5,0.99,5
1585,2.714286,35,95.00,300,1.5,0.99,5
1586,2.642222,36,95.12,300,1.5,0.99,5
1587,2.645556,36,95.24,300,1.5,0.99,5
1588,2.717714,35,95.12,300,1.5,0.99,5
1589,2.798824,34,95.16,300,1.5,0.99,5
1590,2.503158,38,95.12,300,1.5,0.99,5
1591,2.714286,35,95.00,300,1.5,0.99,5
1592,2.726857,35,95.44,300,1.5,0.99,5
1593,2.880000,33,95.04,300,1.5,0.99,5
1594,2.887273,33,95.28,300,1.5,0.99,5
1595,2.638889,36,95.00,300,1.5,0.99,5
1596,2.648889,36,95.36,300,1.5,0.99,5
1597,2.575135,37,95.28,300,1.5,0.99,5
1598,2.638889,36,95.00,300,1.5,0.99,5
1599,2.716571,35,95.08,300,1.5,0.99,5
1600,2.641111,36,95.08,300,1.5,0.99,5
1601,2.641111,36,95.08,300,1.5,0.99,5
1602,2.718857,35,95.16,300,1.5,0.99,5
1603,2.804706,34,95.36,300,1.5,0.99,5
1604,2.725714,35,95.40,300,1.5,0.99,5
1605,2.795294,34,95.04,300,1.5,0.99,5
1606,2.720000,35,95.20,300,1.5,0.99,5
1607,2.795294,34,95.04,300,1.5,0.99,5
1608,2.641111,36,95.08,300,1.5,0.99,5
1609,2.643333,36,95.16,300,1.5,0.99,5
1610,2.652222,36,95.48,300,1.5,0.99,5
1611,2.643333,36,95.16,300,1.5,0.99,5
1612,2.640000,36,95.04,300,1.5,0.99,5
1613,2.721143,35,95.24,300,1.5,0.99,5
1614,2.729143,35,95.52,300,1.5,0.99,5
1615,2.648889,36,95.36,300,1.5,0.99,5
1616,2.795294,34,95.04,300,1.5,0.99,5
1617,2.878788,33,95.00,300,1.5,0.99,5
1618,2.638889,36,95.00,300,1.5,0.99,5
1619,2.723429,35,95.32,300,1.5,0.99,5
1620,2.796471,34,95.08,300,1.5,0.99,5
1621,2.802353,34,95.28,300,1.5,0.99,5
1622,2.724571,35,95.36,300,1.5,0.99,5
1623,2.641111,36,95.08,300,1.5,0.99,5
1624,2.797647,34,95.12,300,1.5,0.99,5
1625,2.638889,36,95.00,300,1.5,0.99,5
1626,2.643333,36,95.16,300,1.5,0.99,5
1627,2.722286,35,95.28,300,1.5,0.99,5
1628,2.724571,35,95.36,300,1.5,0.99,5
1629,2.800000,34,95.20,300,1.5,0.99,5
1630,2.724571,35,95.36,300,1.5,0.99,5
1631,2.723429,35,95.32,300,1.5,0.99,5
1632,2.575135,37,95.28,300,1.5,0.99,5
1633,2.653333,36,95.52,300,1.5,0.99,5
1634,2.650000,36,95.40,300,1.5,0.99,5
1635,2.795294,34,95.04,300,1.5,0.99,5
1636,2.880000,33,95.04,300,1.5,0.99,5
1637,2.571892,37,95.16,300,1.5,0.99,5
1638,2.645556,36,95.24,300,1.5,0.99,5
1639,2.717714,35,95.12,300,1.5,0.99,5
1640,2.805882,34,95.40,300,1.5,0.99,5
1641,2.647778,36,95.32,300,1.5,0.99,5
1642,2.730286,35,95.56,300,1.5,0.99,5
1643,2.570811,37,95.12,300,1.5,0.99,5
1644,2.808235,34,95.48,300,1.5,0.99,5
1645,2.795294,34,95.04,300,1.5,0.99,5
1646,2.714286,35,95.00,300,1.5,0.99,5
1647,2.502105,38,95.08,300,1.5,0.99,5
1648,2.724571,35,95.36,300,1.5,0.99,5
1649,2.880000,33,95.04,300,1.5,0.99,5
1650,2.641111,36,95.08,300,1.5,0.99,5
1651,2.797647,34,95.12,300,1.5,0.99,5
1652,2.720000,35,95.20,300,1.5,0.99,5
1653,2.723429,35,95.32,300,1.5,0.99,5
1654,2.504211,38,95.16,300,1.5,0.99,5
1655,2.651111,36,95.44,300,1.5,0.99,5
1656,2.812941,34,95.64,300,1.5,0.99,5
1657,2.721143,35,95.24,300,1.5,0.99,5
1658,2.651111,36,95.44,300,1.5,0.99,5
1659,2.643333,36,95.16,300,1.5,0.99,5
1660,2.882424,33,95.12,300,1.5,0.99,5
1661,2.647778,36,95.32,300,1.5,0.99,5
1662,2.796471,34,95.08,300,1.5,0.99,5
1663,2.642222,36,95.12,300,1.5,0.99,5
1664,2.642222,36,95.12,300,1.5,0.99,5
1665,2.716571,35,95.08,300,1.5,0.99,5
1666,2.721143,35,95.24,300,1.5,0.99,5
1667,2.803529,34,95.32,300,1.5,0.99,5
1668,2.648889,36,95.36,300,1.5,0.99,5
1669,2.878788,33,95.00,300,1.5,0.99,5
1670,2.647778,36,95.32,300,1.5,0.99,5
1671,2.796471,34,95.08,300,1.5,0.99,5
1672,2.721143,35,95.24,300,1.5,0.99,5
1673,2.645556,36,95.24,300,1.5,0.99,5
1674,2.796471,34,95.08,300,1.5,0.99,5
1675,2.724571,35,95.36,300,1.5,0.99,5
1676,2.572973,37,95.20,300,1.5,0.99,5
1677,2.646667,36,95.28,300,1.5,0.99,5
1678,2.718857,35,95.16,300,1.5,0.99,5
1679,2.720000,35,95.20,300,1.5,0.99,5
1680,2.656667,36,95.64,300,1.5,0.99,5
1681,2.643333,36,95.16,300,1.5,0.99,5
1682,2.807059,34,95.44,300,1.5,0.99,5
1683,2.645556,36,95.24,300,1.5,0.99,5
1684,2.794118,34,95.00,300,1.5,0.99,5
1685,2.723429,35,95.32,300,1.5,0.99,5
1686,2.797647,34,95.12,300,1.5,0.99,5
1687,2.718857,35,95.16,300,1.5,0.99,5
1688,2.642222,36,95.12,300,1.5,0.99,5
1689,2.720000,35,95.20,300,1.5,0.99,5
1690,2.715429,35,95.04,300,1.5,0.99,5
1691,2.643333,36,95.16,300,1.5,0.99,5
1692,2.714286,35,95.00,300,1.5,0.99,5
1693,2.654444,36,95.56,300,1.5,0.99,5
1694,2.718857,35,95.16,300,1.5,0.99,5
1695,2.640000,36,95.04,300,1.5,0.99,5
1696,2.644444,36,95.20,300,1.5,0.99,5
1697,2.647778,36,95.32,300,1.5,0.99,5
1698,2.795294,34,95.04,300,1.5,0.99,5
1699,2.794118,34,95.00,300,1.5,0.99,5
1700,2.652222,36,95.48,300,1.5,0.99,5
1701,2.724571,35,95.36,300,1.5,0.99,5
1702,2.720000,35,95.20,300,1.5,0.99,5
1703,2.640000,36,95.04,300,1.5,0.99,5
1704,2.651111,36,95.44,300,1.5,0.99,5
1705,2.569730,37,95.08,300,1.5,0.99,5
1706,2.647778,36,95.32,300,1.5,0.99,5
1707,2.801176,34,95.24,300,1.5,0.99,5
1708,2.569730,37,95.08,300,1.5,0.99,5
1709,2.881212,33,95.08,300,1.5,0.99,5
1710,2.716571,35,95.08,300,1.5,0.99,5
1711,2.580541,37,95.48,300,1.5,0.99,5
1712,2.795294,34,95.04,300,1.5,0.99,5
1713,2.714286,35,95.00,300,1.5,0.99,5
1714,2.803529,34,95.32,300,1.5,0.99,5
1715,2.714286,35,95.00,300,1.5,0.99,5
1716,2.807059,34,95.44,300,1.5,0.99,5
1717,2.795294,34,95.04,300,1.5,0.99,5
1718,2.798824,34,95.16,300,1.5,0.99,5
1719,2.722286,35,95.28,300,1.5,0.99,5
1720,2.571892,37,95.16,300,1.5,0.99,5
1721,2.638889,36,95.00,300,1.5,0.99,5
1722,2.797647,34,95.12,300,1.5,0.99,5
1723,2.641111,36,95.08,300,1.5,0.99,5
1724,2.650000,36,95.40,300,1.5,0.99,5
1725,2.643333,36,95.16,300,1.5,0.99,5
1726,2.645556,36,95.24,300,1.5,0.99,5
1727,2.801176,34,95.24,300,1.5,0.99,5
1728,2.644444,36,95.20,300,1.5,0.99,5
1729,2.650000,36,95.40,300,1.5,0.99,5
1730,2.801176,34,95.24,300,1.5,0.99,5
1731,2.509474,38,95.36,300,1.5,0.99,5
1732,2.574054,37,95.24,300,1.5,0.99,5
1733,2.718857,35,95.16,300,1.5,0.99,5
1734,2.643333,36,95.16,300,1.5,0.99,5
1735,2.798824,34,95.16,300,1.5,0.99,5
1736,2.655556,36,95.60,300,1.5,0.99,5
1737,2.507368,38,95.28,300,1.5,0.99,5
1738,2.577297,37,95.36,300,1.5,0.99,5
1739,2.808235,34,95.48,300,1.5,0.99,5
1740,2.718857,35,95.16,300,1.5,0.99,5
1741,2.643333,36,95.16,300,1.5,0.99,5
1742,2.716571,35,95.08,300,1.5,0.99,5
1743,2.643333,36,95.16,300,1.5,0.99,5
1744,2.881212,33,95.08,300,1.5,0.99,5
1745,2.651111,36,95.44,300,1.5,0.99,5
1746,2.726857,35,95.44,300,1.5,0.99,5
1747,2.724571,35,95.36,300,1.5,0.99,5
1748,2.582703,37,95.56,300,1.5,0.99,5
1749,2.800000,34,95.20,300,1.5,0.99,5
1750,2.723429,35,95.32,300,1.5,0.99,5
1751,2.800000,34,95.20,300,1.5,0.99,5
1752,2.651111,36,95.44,300,1.5,0.99,5
1753,2.718857,35,95.16,300,1.5,0.99,5
1754,2.641111,36,95.08,300,1.5,0.99,5
1755,2.721143,35,95.24,300,1.5,0.99,5
1756,2.644444,36,95.20,300,1.5,0.99,5
1757,2.794118,34,95.00,300,1.5,0.99,5
1758,2.886061,33,95.24,300,1.5,0.99,5
1759,2.716571,35,95.08,300,1.5,0.99,5
1760,2.717714,35,95.12,300,1.5,0.99,5
1761,2.657778,36,95.68,300,1.5,0.99,5
1762,2.642222,36,95.12,300,1.5,0.99,5
1763,2.797647,34,95.12,300,1.5,0.99,5
1764,2.801176,34,95.24,300,1.5,0.99,5
1765,2.378000,40,95.12,300,1.5,0.99,5
1766,2.641111,36,95.08,300,1.5,0.99,5
1767,2.716571,35,95.08,300,1.5,0.99,5
1768,2.577297,37,95.36,300,1.5,0.99,5
1769,2.641111,36,95.08,300,1.5,0.99,5
1770,2.654444,36,95.56,300,1.5,0.99,5
1771,2.722286,35,95.28,300,1.5,0.99,5
1772,2.577297,37,95.36,300,1.5,0.99,5
1773,2.647778,36,95.32,300,1.5,0.99,5
1774,2.797647,34,95.12,300,1.5,0.99,5
1775,2.723429,35,95.32,300,1.5,0.99,5
1776,2.651111,36,95.44,300,1.5,0.99,5
1777,2.722286,35,95.28,300,1.5,0.99,5
1778,2.796471,34,95.08,300,1.5,0.99,5
1779,2.448205,39,95.48,300,1.5,0.99,5
1780,2.647778,36,95.32,300,1.5,0.99,5
1781,2.884848,33,95.20,300,1.5,0.99,5
1782,2.796471,34,95.08,300,1.5,0.99,5
1783,2.644444,36,95.20,300,1.5,0.99,5
1784,2.723429,35,95.32,300,1.5,0.99,5
1785,2.644444,36,95.20,300,1.5,0.99,5
1786,2.717714,35,95.12,300,1.5,0.99,5
1787,2.794118,34,95.00,300,1.5,0.99,5
1788,2.725714,35,95.40,300,1.5,0.99,5
1789,2.503158,38,95.12,300,1.5,0.99,5
1790,2.721143,35,95.24,300,1.5,0.99,5
1791,2.798824,34,95.16,300,1.5,0.99,5
1792,2.720000,35,95.20,300,1.5,0.99,5
1793,2.579459,37,95.44,300,1.5,0.99,5
1794,2.808235,34,95.48,300,1.5,0.99,5
1795,2.720000,35,95.20,300,1.5,0.99,5
1796,2.726857,35,95.44,300,1.5,0.99,5
1797,2.797647,34,95.12,300,1.5,0.99,5
1798,2.809412,34,95.52,300,1.5,0.99,5
1799,2.722286,35,95.28,300,1.5,0.99,5
1800,2.575135,37,95.28,300,1.5,0.99,5
1801,2.645556,36,95.24,300,1.5,0.99,5
1802,2.578378,37,95.40,300,1.5,0.99,5
1803,2.723429,35,95.32,300,1.5,0.99,5
1804,2.801176,34,95.24,300,1.5,0.99,5
1805,2.568649,37,95.04,300,1.5,0.99,5
1806,2.730286,35,95.56,300,1.5,0.99,5
1807,2.803529,34,95.32,300,1.5,0.99,5
1808,2.800000,34,95.20,300,1.5,0.99,5
1809,2.798824,34,95.16,300,1.5,0.99,5
1810,2.651111,36,95.44,300,1.5,0.99,5
1811,2.718857,35,95.16,300,1.5,0.99,5
1812,2.801176,34,95.24,300,1.5,0.99,5
1813,2.726857,35,95.44,300,1.5,0.99,5
1814,2.572973,37,95.20,300,1.5,0.99,5
1815,2.720000,35,95.20,300,1.5,0.99,5
1816,2.648889,36,95.36,300,1.5,0.99,5
1817,2.714286,35,95.00,300,1.5,0.99,5
1818,2.720000,35,95.20,300,1.5,0.99,5
1819,2.571892,37,95.16,300,1.5,0.99,5
1820,2.893333,33,95.48,300,1.5,0.99,5
1821,2.717714,35,95.12,300,1.5,0.99,5
1822,2.578378,37,95.40,300,1.5,0.99,5
1823,2.795294,34,95.04,300,1.5,0.99,5
1824,2.569730,37,95.08,300,1.5,0.99,5
1825,2.717714,35,95.12,300,1.5,0.99,5
1826,2.717714,35,95.12,300,1.5,0.99,5
1827,2.716571,35,95.08,300,1.5,0.99,5
1828,2.810588,34,95.56,300,1.5,0.99,5
1829,2.647778,36,95.32,300,1.5,0.99,5
1830,2.794118,34,95.00,300,1.5,0.99,5
1831,2.638889,36,95.00,300,1.5,0.99,5
1832,2.580541,37,95.48,300,1.5,0.99,5
1833,2.728000,35,95.48,300,1.5,0.99,5
1834,2.718857,35,95.16,300,1.5,0.99,5
1835,2.579459,37,95.44,300,1.5,0.99,5
1836,2.579459,37,95.44,300,1.5,0.99,5
1837,2.507368,38,95.28,300,1.5,0.99,5
1838,2.722286,35,95.28,300,1.5,0.99,5
1839,2.651111,36,95.44,300,1.5,0.99,5
1840,2.575135,37,95.28,300,1.5,0.99,5
1841,2.795294,34,95.04,300,1.5,0.99,5
1842,2.801176,34,95.24,300,1.5,0.99,5
1843,2.576216,37,95.32,300,1.5,0.99,5
1844,2.721143,35,95.24,300,1.5,0.99,5
1845,2.880000,33,95.04,300,1.5,0.99,5
1846,2.642222,36,95.12,300,1.5,0.99,5
1847,2.718857,35,95.16,300,1.5,0.99,5
1848,2.716571,35,95.08,300,1.5,0.99,5
1849,2.574054,37,95.24,300,1.5,0.99,5
1850,2.641111,36,95.08,300,1.5,0.99,5
1851,2.730286,35,95.56,300,1.5,0.99,5
1852,2.646667,36,95.28,300,1.5,0.99,5
1853,2.654444,36,95.56,300,1.5,0.99,5
1854,2.715429,35,95.04,300,1.5,0.99,5
1855,2.578378,37,95.40,300,1.5,0.99,5
1856,2.714286,35,95.00,300,1.5,0.99,5
1857,2.644444,36,95.20,300,1.5,0.99,5
1858,2.652222,36,95.48,300,1.5,0.99,5
1859,2.641111,36,95.08,300,1.5,0.99,5
1860,2.797647,34,95.12,300,1.5,0.99,5
1861,2.449231,39,95.52,300,1.5,0.99,5
1862,2.648889,36,95.36,300,1.5,0.99,5
1863,2.718857,35,95.16,300,1.5,0.99,5
1864,2.801176,34,95.24,300,1.5,0.99,5
1865,2.716571,35,95.08,300,1.5,0.99,5
1866,2.648889,36,95.36,300,1.5,0.99,5
1867,2.716571,35,95.08,300,1.5,0.99,5
1868,2.798824,34,95.16,300,1.5,0.99,5
1869,2.804706,34,95.36,300,1.5,0.99,5
1870,2.507368,38,95.28,300,1.5,0.99,5
1871,2.716571,35,95.08,300,1.5,0.99,5
1872,2.723429,35,95.32,300,1.5,0.99,5
1873,2.647778,36,95.32,300,1.5,0.99,5
1874,2.724571,35,95.36,300,1.5,0.99,5
1875,2.729143,35,95.52,300,1.5,0.99,5
1876,2.646667,36,95.28,300,1.5,0.99,5
1877,2.717714,35,95.12,300,1.5,0.99,5
1878,2.796471,34,95.08,300,1.5,0.99,5
1879,2.797647,34,95.12,300,1.5,0.99,5
1880,2.638889,36,95.00,300,1.5,0.99,5
1881,2.641111,36,95.08,300,1.5,0.99,5
1882,2.575135,37,95.28,300,1.5,0.99,5
1883,2.798824,34,95.16,300,1.5,0.99,5
1884,2.642222,36,95.12,300,1.5,0.99,5
1885,2.725714,35,95.40,300,1.5,0.99,5
1886,2.718857,35,95.16,300,1.5,0.99,5
1887,2.887273,33,95.28,300,1.5,0.99,5
1888,2.722286,35,95.28,300,1.5,0.99,5
1889,2.883636,33,95.16,300,1.5,0.99,5
1890,2.794118,34,95.00,300,1.5,0.99,5
1891,2.645556,36,95.24,300,1.5,0.99,5
1892,2.638889,36,95.00,300,1.5,0.99,5
1893,2.801176,34,95.24,300,1.5,0.99,5
1894,2.881212,33,95.08,300,1.5,0.99,5
1895,2.883636,33,95.16,300,1.5,0.99,5
1896,2.644444,36,95.20,300,1.5,0.99,5
1897,2.798824,34,95.16,300,1.5,0.99,5
1898,2.714286,35,95.00,300,1.5,0.99,5
1899,2.651111,36,95.44,300,1.5,0.99,5
1900,2.795294,34,95.04,300,1.5,0.99,5
1901,2.797647,34,95.12,300,1.5,0.99,5
1902,2.653333,36,95.52,300,1.5,0.99,5
1903,2.642222,36,95.12,300,1.5,0.99,5
1904,2.715429,35,95.04,300,1.5,0.99,5
1905,2.797647,34,95.12,300,1.5,0.99,5
1906,2.642222,36,95.12,300,1.5,0.99,5
1907,2.794118,34,95.00,300,1.5,0.99,5
1908,2.647778,36,95.32,300,1.5,0.99,5
1909,2.717714,35,95.12,300,1.5,0.99,5
1910,2.798824,34,95.16,300,1.5,0.99,5
1911,2.511579,38,95.44,300,1.5,0.99,5
1912,2.721143,35,95.24,300,1.5,0.99,5
1913,2.797647,34,95.12,300,1.5,0.99,5
1914,2.575135,37,95.28,300,1.5,0.99,5
1915,2.640000,36,95.04,300,1.5,0.99,5
1916,2.717714,35,95.12,300,1.5,0.99,5
1917,2.578378,37,95.40,300,1.5,0.99,5
1918,2.640000,36,95.04,300,1.5,0.99,5
1919,2.509474,38,95.36,300,1.5,0.99,5
1920,2.716571,35,95.08,300,1.5,0.99,5
1921,2.571892,37,95.16,300,1.5,0.99,5
1922,2.641111,36,95.08,300,1.5,0.99,5
1923,2.723429,35,95.32,300,1.5,0.99,5
1924,2.803529,34,95.32,300,1.5,0.99,5
1925,2.641111,36,95.08,300,1.5,0.99,5
1926,2.795294,34,95.04,300,1.5,0.99,5
1927,2.724571,35,95.36,300,1.5,0.99,5
1928,2.797647,34,95.12,300,1.5,0.99,5
1929,2.651111,36,95.44,300,1.5,0.99,5
1930,2.716571,35,95.08,300,1.5,0.99,5
1931,2.803529,34,95.32,300,1.5,0.99,5
1932,2.643333,36,95.16,300,1.5,0.99,5
1933,2.723429,35,95.32,300,1.5,0.99,5
1934,2.571892,37,95.16,300,1.5,0.99,5
1935,2.722286,35,95.28,300,1.5,0.99,5
1936,2.716571,35,95.08,300,1.5,0.99,5
1937,2.569730,37,95.08,300,1.5,0.99,5
1938,2.571892,37,95.16,300,1.5,0.99,5
1939,2.803529,34,95.32,300,1.5,0.99,5
1940,2.575135,37,95.28,300,1.5,0.99,5
1941,2.513684,38,95.52,300,1.5,0.99,5
1942,2.802353,34,95.28,300,1.5,0.99,5
1943,2.568649,37,95.04,300,1.5,0.99,5
1944,2.728000,35,95.48,300,1.5,0.99,5
1945,2.728000,35,95.48,300,1.5,0.99,5
1946,2.720000,35,95.20,300,1.5,0.99,5
1947,2.646667,36,95.28,300,1.5,0.99,5
1948,2.648889,36,95.36,300,1.5,0.99,5
1949,2.643333,36,95.16,300,1.5,0.99,5
1950,2.880000,33,95.04,300,1.5,0.99,5
1951,2.653333,36,95.52,300,1.5,0.99,5
1952,2.888485,33,95.32,300,1.5,0.99,5
1953,2.796471,34,95.08,300,1.5,0.99,5
1954,2.585946,37,95.68,300,1.5,0.99,5
1955,2.577297,37,95.36,300,1.5,0.99,5
1956,2.647778,36,95.32,300,1.5,0.99,5
1957,2.804706,34,95.36,300,1.5,0.99,5
1958,2.714286,35,95.00,300,1.5,0.99,5
1959,2.652222,36,95.48,300,1.5,0.99,5
1960,2.725714,35,95.40,300,1.5,0.99,5
1961,2.718857,35,95.16,300,1.5,0.99,5
1962,2.652222,36,95.48,300,1.5,0.99,5
1963,2.640000,36,95.04,300,1.5,0.99,5
1964,2.640000,36,95.04,300,1.5,0.99,5
1965,2.720000,35,95.20,300,1.5,0.99,5
1966,2.575135,37,95.28,300,1.5,0.99,5
1967,2.574054,37,95.24,300,1.5,0.99,5
1968,2.714286,35,95.00,300,1.5,0.99,5
1969,2.641111,36,95.08,300,1.5,0.99,5
1970,2.648889,36,95.36,300,1.5,0.99,5
1971,2.715429,35,95.04,300,1.5,0.99,5
1972,2.644444,36,95.20,300,1.5,0.99,5
1973,2.568649,37,95.04,300,1.5,0.99,5
1974,2.798824,34,95.16,300,1.5,0.99,5
1975,2.579459,37,95.44,300,1.5,0.99,5
1976,2.648889,36,95.36,300,1.5,0.99,5
1977,2.878788,33,95.00,300,1.5,0.99,5
1978,2.715429,35,95.04,300,1.5,0.99,5
1979,2.574054,37,95.24,300,1.5,0.99,5
1980,2.569730,37,95.08,300,1.5,0.99,5
1981,2.653333,36,95.52,300,1.5,0.99,5
1982,2.643333,36,95.16,300,1.5,0.99,5
1983,2.716571,35,95.08,300,1.5,0.99,5
1984,2.804706,34,95.36,300,1.5,0.99,5
1985,2.579459,37,95.44,300,1.5,0.99,5
1986,2.721143,35,95.24,300,1.5,0.99,5
1987,2.725714,35,95.40,300,1.5,0.99,5
1988,2.503158,38,95.12,300,1.5,0.99,5
1989,2.386000,40,95.44,300,1.5,0.99,5
1990,2.797647,34,95.12,300,1.5,0.99,5
1991,2.638889,36,95.00,300,1.5,0.99,5
1992,2.800000,34,95.20,300,1.5,0.99,5
1993,2.715429,35,95.04,300,1.5,0.99,5
1994,2.718857,35,95.16,300,1.5,0.99,5
1995,2.796471,34,95.08,300,1.5,0.99,5
1996,2.644444,36,95.20,300,1.5,0.99,5
1997,2.801176,34,95.24,300,1.5,0.99,5
1998,2.654444,36,95.56,300,1.5,0.99,5
1999,2.721143,35,95.24,300,1.5,0.99,5
2000,2.716571,35,95.08,300,1.5,0.99,5