trial_id,gust_intensity,trial_index_within_gust_level,efficiency,voxels_covered,final_step_coverage_rate,mean_coverage_rate_across_steps,std_coverage_rate_across_steps
1,2,0,0.08164444444444445,1837,0.08164444444444445,0.1210727337813751,0.02934360569824473
2,2,1,0.08204444444444445,1846,0.08204444444444445,0.11742760860588339,0.029396479571299452
3,2,2,0.08106666666666666,1824,0.08106666666666666,0.12111891093054614,0.029222655876760737
4,2,3,0.08088888888888889,1820,0.08088888888888889,0.1216410873019029,0.03196199299783115
5,2,4,0.08217777777777778,1849,0.08217777777777778,0.11978317849731311,0.031703246733720526
6,2,5,0.08102222222222222,1823,0.08102222222222222,0.12141193462592109,0.03280053524299794
7,2,6,0.0828,1863,0.0828,0.12496248410495198,0.032143279246791334
8,2,7,0.08266666666666667,1860,0.08266666666666667,0.12440551953457245,0.0357000941898736
9,2,8,0.07955555555555556,1790,0.07955555555555556,0.12066890928763489,0.033907981327704347
10,2,9,0.08066666666666666,1815,0.08066666666666666,0.11984658040073924,0.030507580451828765
11,2,10,0.08035555555555556,1808,0.08035555555555556,0.11593313349946452,0.029284624773892556
12,2,11,0.08053333333333333,1812,0.08053333333333333,0.12286669810755778,0.03659538555971251
13,2,12,0.08275555555555555,1862,0.08275555555555555,0.12491699207777887,0.03367049430323142
14,2,13,0.08275555555555555,1862,0.08275555555555555,0.1262345264258711,0.03541838750248407
15,2,14,0.08284444444444444,1864,0.08284444444444444,0.12408465175194928,0.03287471666060254
16,2,15,0.0835111111111111,1879,0.0835111111111111,0.12992064251944624,0.036787646245452964
17,2,16,0.08226666666666667,1851,0.08226666666666667,0.12422075192986415,0.03128218941555467
18,2,17,0.08253333333333333,1857,0.08253333333333333,0.1236231658813242,0.03055239972441013
19,2,18,0.08302222222222222,1868,0.08302222222222222,0.12292131618334748,0.03237363468590059
20,2,19,0.08213333333333334,1848,0.08213333333333334,0.11275753038159422,0.02249202054490087
21,2,20,0.08333333333333333,1875,0.08333333333333333,0.12650910219105568,0.03690270955126182
22,2,21,0.08106666666666666,1824,0.08106666666666666,0.12222332735556418,0.036442649150635206
23,2,22,0.08133333333333333,1830,0.08133333333333333,0.12399964544394493,0.03688644085005011
24,2,23,0.08271111111111111,1861,0.08271111111111111,0.12141366689378578,0.03285475696945447
25,2,24,0.08195555555555556,1844,0.08195555555555556,0.12560384932180166,0.035491022249109896
26,2,25,0.08262222222222222,1859,0.08262222222222222,0.1250027206596124,0.032560767320275116
27,2,26,0.08177777777777778,1840,0.08177777777777778,0.12295137945108674,0.03325403520861212
28,2,27,0.08173333333333334,1839,0.08173333333333334,0.12079774734804442,0.03603535352101652
29,2,28,0.08,1800,0.08,0.12146398293453375,0.03453932981367345
30,2,29,0.08191111111111112,1843,0.08191111111111112,0.1196648627064265,0.028181285794781036
31,2,30,0.08035555555555556,1808,0.08035555555555556,0.1166654157180956,0.03380253135480072
32,2,31,0.08315555555555555,1871,0.08315555555555555,0.12595287026262203,0.03286238280892988
33,2,32,0.08315555555555555,1871,0.08315555555555555,0.12535967477444515,0.034157967902050335
34,2,33,0.0824,1854,0.0824,0.12268910900384926,0.03373146067054101
35,2,34,0.0832,1872,0.0832,0.12917994818616532,0.038201080370307096
36,2,35,0.08315555555555555,1871,0.08315555555555555,0.12344953470120051,0.034060027734854705
37,2,36,0.08297777777777778,1867,0.08297777777777778,0.12698964292464268,0.03625085467348919
38,2,37,0.082,1845,0.082,0.11940929525575626,0.030120646495914977
39,2,38,0.08275555555555555,1862,0.08275555555555555,0.11988885447601526,0.02939001905381898
40,2,39,0.08164444444444445,1837,0.08164444444444445,0.1192601663608654,0.02973098052015076
41,2,40,0.08084444444444444,1819,0.08084444444444444,0.12563509048521018,0.03365801806454044
42,2,41,0.08311111111111111,1870,0.08311111111111111,0.13248627441361827,0.037596761853029674
43,2,42,0.08062222222222222,1814,0.08062222222222222,0.12153485084948311,0.03298928068060605
44,2,43,0.08204444444444445,1846,0.08204444444444445,0.121705041200535,0.034957588942265444
45,2,44,0.0812,1827,0.0812,0.12250535791491325,0.03498607709276016
46,2,45,0.08413333333333334,1893,0.08413333333333334,0.1302122909444168,0.03627171562462679
47,2,46,0.08146666666666667,1833,0.08146666666666667,0.12415998243268798,0.03168546031354878
48,2,47,0.0816888888888889,1838,0.0816888888888889,0.11752529642512845,0.028650897612238543
49,2,48,0.08106666666666666,1824,0.08106666666666666,0.11976822525764341,0.03247114966594397
50,2,49,0.08253333333333333,1857,0.08253333333333333,0.12168923204698785,0.03241814332655718
51,3,0,0.08128888888888888,1829,0.08128888888888888,0.12287599498675979,0.03554260257769214
52,3,1,0.08137777777777777,1831,0.08137777777777777,0.11990620901223693,0.03239108445017554
53,3,2,0.08035555555555556,1808,0.08035555555555556,0.1186933024704566,0.032524025323296214
54,3,3,0.08217777777777778,1849,0.08217777777777778,0.12235048145859405,0.031193651829703482
55,3,4,0.08302222222222222,1868,0.08302222222222222,0.12511887113496323,0.033443083877050916
56,3,5,0.08302222222222222,1868,0.08302222222222222,0.12640480017441832,0.03407406879619698
57,3,6,0.08262222222222222,1859,0.08262222222222222,0.1249156401786964,0.0313433415259861
58,3,7,0.08142222222222223,1832,0.08142222222222223,0.11932312108732435,0.03288047610468915
59,3,8,0.0824,1854,0.0824,0.12312554406696,0.032905137742338504
60,3,9,0.08333333333333333,1875,0.08333333333333333,0.12884316079461472,0.03413051304557172
61,3,10,0.08382222222222223,1886,0.08382222222222223,0.1258763489861732,0.03197990704776921
62,3,11,0.08177777777777778,1840,0.08177777777777778,0.11644643961462937,0.027355674186837195
63,3,12,0.08235555555555556,1853,0.08235555555555556,0.12604139898207165,0.035298653542739214
64,3,13,0.082,1845,0.082,0.1250150097093335,0.03694712064385127
65,3,14,0.08128888888888888,1829,0.08128888888888888,0.12594318000814167,0.03814733855490596
66,3,15,0.08288888888888889,1865,0.08288888888888889,0.12361430871704997,0.0306135597234926
67,3,16,0.08164444444444445,1837,0.08164444444444445,0.12142885436861003,0.032481893528323515
68,3,17,0.08057777777777778,1813,0.08057777777777778,0.11450399956743244,0.027500460720832953
69,3,18,0.08155555555555556,1835,0.08155555555555556,0.1237064370002975,0.03403540961418461
70,3,19,0.0816888888888889,1838,0.0816888888888889,0.11944835917880542,0.031020778403393817
71,3,20,0.08231111111111111,1852,0.08231111111111111,0.12630918251045203,0.0353036832577898
72,3,21,0.08226666666666667,1851,0.08226666666666667,0.1256351534130217,0.03333091558140862
73,3,22,0.08297777777777778,1867,0.08297777777777778,0.12518599612580075,0.03606186874655065
74,3,23,0.08426666666666667,1896,0.08426666666666667,0.12885375808272184,0.037228534744009265
75,3,24,0.0824,1854,0.0824,0.1273799689048659,0.03479867222689506
76,3,25,0.08102222222222222,1823,0.08102222222222222,0.12007098556348993,0.03256255381981764
77,3,26,0.08217777777777778,1849,0.08217777777777778,0.12672928633311908,0.034385947944875477
78,3,27,0.08235555555555556,1853,0.08235555555555556,0.12379601815486022,0.03325910304886553
79,3,28,0.08248888888888889,1856,0.08248888888888889,0.12598492655372967,0.0358958088427435
80,3,29,0.08324444444444444,1873,0.08324444444444444,0.12443121792448582,0.033694509684627574
81,3,30,0.082,1845,0.082,0.1280499103854523,0.0365832648093573
82,3,31,0.08266666666666667,1860,0.08266666666666667,0.1297159405847794,0.03721536051029196
83,3,32,0.08195555555555556,1844,0.08195555555555556,0.11702380216914633,0.025674251157387577
84,3,33,0.08213333333333334,1848,0.08213333333333334,0.11671345790726823,0.027702254354846086
85,3,34,0.08222222222222222,1850,0.08222222222222222,0.12403052740838463,0.03452109177966292
86,3,35,0.08293333333333333,1866,0.08293333333333333,0.12408429228558449,0.03481827308655413
87,3,36,0.08377777777777778,1885,0.08377777777777778,0.12411877328742274,0.03037436287680106
88,3,37,0.0804,1809,0.0804,0.12216074359034787,0.03191342644279256
89,3,38,0.08053333333333333,1812,0.08053333333333333,0.12506807779156828,0.03641147848733948
90,3,39,0.08191111111111112,1843,0.08191111111111112,0.12557143601822138,0.035553881738628154
91,3,40,0.08346666666666666,1878,0.08346666666666666,0.13081272538289013,0.040476456554202934
92,3,41,0.08155555555555556,1835,0.08155555555555556,0.12171561085634722,0.032880437041085515
93,3,42,0.08137777777777777,1831,0.08137777777777777,0.12040676755999238,0.03347630225870816
94,3,43,0.08355555555555555,1880,0.08355555555555555,0.12397099360590036,0.031056691549492563
95,3,44,0.08222222222222222,1850,0.08222222222222222,0.12629202236396453,0.03539089445475442
96,3,45,0.08057777777777778,1813,0.08057777777777778,0.12407707118339421,0.035940291069379494
97,3,46,0.08208888888888889,1847,0.08208888888888889,0.11741709561665291,0.027998886260483514
98,3,47,0.08088888888888889,1820,0.08088888888888889,0.11967193486817522,0.03086638524706736
99,3,48,0.08102222222222222,1823,0.08102222222222222,0.11828961764605381,0.031728686297210686
100,3,49,0.08306666666666666,1869,0.08306666666666666,0.12320963559185555,0.03268261137634508
101,4,0,0.08124444444444444,1828,0.08124444444444444,0.12609187740158395,0.03658417086883474
102,4,1,0.08244444444444445,1855,0.08244444444444445,0.12748054424814437,0.03573603510394548
103,4,2,0.08102222222222222,1823,0.08102222222222222,0.11873764585454225,0.032095039937632706
104,4,3,0.08222222222222222,1850,0.08222222222222222,0.11744334339960193,0.02791289152319388
105,4,4,0.08293333333333333,1866,0.08293333333333333,0.12355362859390923,0.03209183589700826
106,4,5,0.0828,1863,0.0828,0.12859289389346415,0.0377765821954099
107,4,6,0.08186666666666667,1842,0.08186666666666667,0.12074767826720184,0.029697045972321826
108,4,7,0.08253333333333333,1857,0.08253333333333333,0.1273210569307851,0.038286331703786994
109,4,8,0.08391111111111112,1888,0.08391111111111112,0.12540527653540573,0.0323881274672546
110,4,9,0.08231111111111111,1852,0.08231111111111111,0.12577246391348548,0.03714390584244515
111,4,10,0.08102222222222222,1823,0.08102222222222222,0.12284890455774339,0.033035379914177536
112,4,11,0.0828,1863,0.0828,0.12351298990238685,0.02884111091908855
113,4,12,0.08257777777777778,1858,0.08257777777777778,0.12625396844134643,0.036283391016666576
114,4,13,0.08155555555555556,1835,0.08155555555555556,0.1170822106542653,0.026286336484269916
115,4,14,0.0816,1836,0.0816,0.13052208489071665,0.039050573455048115
116,4,15,0.08244444444444445,1855,0.08244444444444445,0.1252279289066853,0.035299217074846595
117,4,16,0.07933333333333334,1785,0.07933333333333334,0.11324993353824747,0.02655937730568847
118,4,17,0.082,1845,0.082,0.12740503428635588,0.03722168970788777
119,4,18,0.08013333333333333,1803,0.08013333333333333,0.11491002634737005,0.027271089937696898
120,4,19,0.08182222222222223,1841,0.08182222222222223,0.12956817870614995,0.0393170026211527
121,4,20,0.08244444444444445,1855,0.08244444444444445,0.12068637928642079,0.032798437931603724
122,4,21,0.08271111111111111,1861,0.08271111111111111,0.12444472015763462,0.03249608726062231
123,4,22,0.08266666666666667,1860,0.08266666666666667,0.12883941909911348,0.0384590664897259
124,4,23,0.08088888888888889,1820,0.08088888888888889,0.12010411089798735,0.03205546012366004
125,4,24,0.07933333333333334,1785,0.07933333333333334,0.12173850105017152,0.03512191653968024
126,4,25,0.08253333333333333,1857,0.08253333333333333,0.12018047762476021,0.0330966811442824
127,4,26,0.08191111111111112,1843,0.08191111111111112,0.12725478955568117,0.0373412012245702
128,4,27,0.08222222222222222,1850,0.08222222222222222,0.12391803191072234,0.034703441523062505
129,4,28,0.08244444444444445,1855,0.08244444444444445,0.12341602655792486,0.03053878450122407
130,4,29,0.08164444444444445,1837,0.08164444444444445,0.12674543696654061,0.03615592865887186
131,4,30,0.08382222222222223,1886,0.08382222222222223,0.12585780862168716,0.033302739973224645
132,4,31,0.08271111111111111,1861,0.08271111111111111,0.12460114025782495,0.034675431545889486
133,4,32,0.082,1845,0.082,0.12407620706432441,0.03230798888111532
134,4,33,0.08222222222222222,1850,0.08222222222222222,0.12453714673824637,0.03315326974511903
135,4,34,0.08271111111111111,1861,0.08271111111111111,0.12423248165976694,0.032769386337580676
136,4,35,0.08053333333333333,1812,0.08053333333333333,0.12127308283093634,0.03171266834615272
137,4,36,0.08186666666666667,1842,0.08186666666666667,0.11671020586990849,0.029561717700400465
138,4,37,0.08142222222222223,1832,0.08142222222222223,0.11946147961250288,0.031307898932480954
139,4,38,0.08208888888888889,1847,0.08208888888888889,0.12408082289207203,0.03139191083979456
140,4,39,0.08271111111111111,1861,0.08271111111111111,0.11872763846247723,0.02639375634927995
141,4,40,0.08404444444444445,1891,0.08404444444444445,0.1256689866670842,0.03344675652313537
142,4,41,0.08253333333333333,1857,0.08253333333333333,0.12549094100239974,0.030392363207480816
143,4,42,0.0828,1863,0.0828,0.1228729776565965,0.03183466931081721
144,4,43,0.08231111111111111,1852,0.08231111111111111,0.1268479814825356,0.03605132032160116
145,4,44,0.08337777777777777,1876,0.08337777777777777,0.1270692057245698,0.03365440301879621
146,4,45,0.08177777777777778,1840,0.08177777777777778,0.12271603710913027,0.032407667704444254
147,4,46,0.08057777777777778,1813,0.08057777777777778,0.12286774679454524,0.03590675342006704
148,4,47,0.08226666666666667,1851,0.08226666666666667,0.12221379116768205,0.03306234419521352
149,4,48,0.08097777777777777,1822,0.08097777777777777,0.12088696246612575,0.03304440026705864
150,4,49,0.08146666666666667,1833,0.08146666666666667,0.12635835879819718,0.03965778243334973
151,5,0,0.08133333333333333,1830,0.08133333333333333,0.11776940480692029,0.030850267028258892
152,5,1,0.0836,1881,0.0836,0.12730527270965397,0.03840611569255884
153,5,2,0.08328888888888888,1874,0.08328888888888888,0.12865139465158773,0.03712724191496032
154,5,3,0.08124444444444444,1828,0.08124444444444444,0.11726051093555746,0.03102010129156586
155,5,4,0.0812,1827,0.0812,0.12341858651892763,0.03434199680756001
156,5,5,0.0824,1854,0.0824,0.12423121354782668,0.036540129232498005
157,5,6,0.08368888888888888,1883,0.08368888888888888,0.13171207256298742,0.0395857313727707
158,5,7,0.08071111111111111,1816,0.08071111111111111,0.12070805861741346,0.032827728217198975
159,5,8,0.08275555555555555,1862,0.08275555555555555,0.11698562396440648,0.024317137594178685
160,5,9,0.08164444444444445,1837,0.08164444444444445,0.12259171355855382,0.035196530140629456
161,5,10,0.08248888888888889,1856,0.08248888888888889,0.11972956339828299,0.02915082030459236
162,5,11,0.0832,1872,0.0832,0.12979303171855502,0.03836916616535881
163,5,12,0.08284444444444444,1864,0.08284444444444444,0.12452633669350645,0.03408457542521091
164,5,13,0.08297777777777778,1867,0.08297777777777778,0.13090147839927288,0.04195768838749709
165,5,14,0.08124444444444444,1828,0.08124444444444444,0.12168713857397274,0.03348226820129907
166,5,15,0.08142222222222223,1832,0.08142222222222223,0.12205837918465837,0.03165773589440269
167,5,16,0.082,1845,0.082,0.1298975092685402,0.03943579106532912
168,5,17,0.08244444444444445,1855,0.08244444444444445,0.12439228090031373,0.03450863783281586
169,5,18,0.0816,1836,0.0816,0.12528092309766634,0.03741762210179113
170,5,19,0.0824,1854,0.0824,0.12712191635392264,0.03372575024696032
171,5,20,0.08088888888888889,1820,0.08088888888888889,0.12061128923194808,0.03234329120371437
172,5,21,0.08248888888888889,1856,0.08248888888888889,0.12492591266782169,0.03804761900855329
173,5,22,0.08311111111111111,1870,0.08311111111111111,0.12827631984585758,0.0374160674932531
174,5,23,0.08115555555555555,1826,0.08115555555555555,0.11891040881924535,0.030076183042569142
175,5,24,0.08208888888888889,1847,0.08208888888888889,0.11861324304230868,0.029042429616958215
176,5,25,0.08377777777777778,1885,0.08377777777777778,0.12336902451492923,0.03145558169067184
177,5,26,0.08035555555555556,1808,0.08035555555555556,0.11384386037889231,0.027157562826616844
178,5,27,0.08288888888888889,1865,0.08288888888888889,0.1263453079595631,0.03590534327445103
179,5,28,0.08222222222222222,1850,0.08222222222222222,0.12350003476567908,0.03225368180717331
180,5,29,0.08186666666666667,1842,0.08186666666666667,0.1172078290758814,0.03012827143071919
181,5,30,0.08155555555555556,1835,0.08155555555555556,0.12292885062670005,0.032198339187921816
182,5,31,0.08297777777777778,1867,0.08297777777777778,0.1269276687596936,0.037376270046574865
183,5,32,0.08213333333333334,1848,0.08213333333333334,0.12048845533886705,0.03142064716258806
184,5,33,0.08275555555555555,1862,0.08275555555555555,0.13040397642045595,0.038993195773126085
185,5,34,0.08253333333333333,1857,0.08253333333333333,0.1249229358662867,0.03484116097063313
186,5,35,0.08302222222222222,1868,0.08302222222222222,0.12874727494841667,0.03665743466204562
187,5,36,0.08057777777777778,1813,0.08057777777777778,0.11954326508896962,0.03249792747328995
188,5,37,0.08377777777777778,1885,0.08377777777777778,0.12669336174182935,0.033432895959916296
189,5,38,0.08048888888888889,1811,0.08048888888888889,0.11628065422379265,0.02758947276581661
190,5,39,0.08284444444444444,1864,0.08284444444444444,0.1268724161161539,0.03479702370586076
191,5,40,0.08208888888888889,1847,0.08208888888888889,0.11788228568579555,0.02759593462990138
192,5,41,0.08328888888888888,1874,0.08328888888888888,0.11884475912766577,0.027886721220572622
193,5,42,0.08133333333333333,1830,0.08133333333333333,0.12060290536872849,0.02894084660008238
194,5,43,0.08262222222222222,1859,0.08262222222222222,0.12492201271695935,0.033750843708426306
195,5,44,0.0824,1854,0.0824,0.11995725282251399,0.028798772870143454
196,5,45,0.08142222222222223,1832,0.08142222222222223,0.1220984293194546,0.03508899763654997
197,5,46,0.08075555555555555,1817,0.08075555555555555,0.11860382617374875,0.02735638025544645
198,5,47,0.08302222222222222,1868,0.08302222222222222,0.12447870864012851,0.03451661417211795
199,5,48,0.08244444444444445,1855,0.08244444444444445,0.12224642996888034,0.03228103850734871
200,5,49,0.08177777777777778,1840,0.08177777777777778,0.1243351194228778,0.034372335788339044
201,6,0,0.08311111111111111,1870,0.08311111111111111,0.12208364315493882,0.03055250290493509
202,6,1,0.08271111111111111,1861,0.08271111111111111,0.12485976663158395,0.03527915190949653
203,6,2,0.08173333333333334,1839,0.08173333333333334,0.12398498615548682,0.03401065744047793
204,6,3,0.08186666666666667,1842,0.08186666666666667,0.12580895956314095,0.03628473428163724
205,6,4,0.08346666666666666,1878,0.08346666666666666,0.12596846858497132,0.03442680071359524
206,6,5,0.08155555555555556,1835,0.08155555555555556,0.12641807977445232,0.03808816221159801
207,6,6,0.08244444444444445,1855,0.08244444444444445,0.12780226015333157,0.035673236511261745
208,6,7,0.0812,1827,0.0812,0.12076449843792174,0.03234141609832673
209,6,8,0.0811111111111111,1825,0.0811111111111111,0.12348120700501052,0.03321313964356133
210,6,9,0.08155555555555556,1835,0.08155555555555556,0.12572401104423842,0.0394633147044622
211,6,10,0.08262222222222222,1859,0.08262222222222222,0.1321710395469395,0.042067501168022436
212,6,11,0.08284444444444444,1864,0.08284444444444444,0.1284571472405787,0.03699641410929694
213,6,12,0.08311111111111111,1870,0.08311111111111111,0.12642667118566364,0.03600602413917098
214,6,13,0.0832,1872,0.0832,0.1253467493987592,0.03428303698140672
215,6,14,0.08222222222222222,1850,0.08222222222222222,0.1220149380505117,0.030894735481706632
216,6,15,0.08275555555555555,1862,0.08275555555555555,0.12163279779359075,0.031102566442758703
217,6,16,0.08324444444444444,1873,0.08324444444444444,0.13073574918995937,0.03583632897456415
218,6,17,0.08311111111111111,1870,0.08311111111111111,0.1257885133783635,0.03475421977122219
219,6,18,0.08435555555555556,1898,0.08435555555555556,0.12549086852213706,0.03050579063922384
220,6,19,0.0812,1827,0.0812,0.12131664702408827,0.032994548717554764
221,6,20,0.08293333333333333,1866,0.08293333333333333,0.13273190066260454,0.039692768235590155
222,6,21,0.0824,1854,0.0824,0.12827420588377217,0.03829312135191219
223,6,22,0.08208888888888889,1847,0.08208888888888889,0.12290057792478808,0.033348638236306086
224,6,23,0.08155555555555556,1835,0.08155555555555556,0.1197248381751189,0.02827591535688603
225,6,24,0.08195555555555556,1844,0.08195555555555556,0.12243864381208598,0.030295198882513186
226,6,25,0.08151111111111112,1834,0.08151111111111112,0.12437822850728693,0.03269326573483788
227,6,26,0.08266666666666667,1860,0.08266666666666667,0.11858016001494173,0.03198011839745646
228,6,27,0.08204444444444445,1846,0.08204444444444445,0.12039877523935054,0.029934329118063617
229,6,28,0.08182222222222223,1841,0.08182222222222223,0.12112897805544452,0.029827496521707443
230,6,29,0.08222222222222222,1850,0.08222222222222222,0.11623787698721484,0.02774695949903573
231,6,30,0.08231111111111111,1852,0.08231111111111111,0.12772365771462996,0.036884140594379305
232,6,31,0.08275555555555555,1862,0.08275555555555555,0.12437346077722279,0.032856005716170596
233,6,32,0.08293333333333333,1866,0.08293333333333333,0.12257339859121172,0.033264162536786816
234,6,33,0.08333333333333333,1875,0.08333333333333333,0.12707293723256294,0.03605019826614221
235,6,34,0.08124444444444444,1828,0.08124444444444444,0.11656649566861597,0.029041183968494325
236,6,35,0.08137777777777777,1831,0.08137777777777777,0.11808702860225073,0.02915665721360569
237,6,36,0.08226666666666667,1851,0.08226666666666667,0.12431363309862363,0.037161538944615005
238,6,37,0.08124444444444444,1828,0.08124444444444444,0.11731467919883523,0.028327964334923423
239,6,38,0.08315555555555555,1871,0.08315555555555555,0.12908102519571577,0.03889376089053485
240,6,39,0.08346666666666666,1878,0.08346666666666666,0.1250884629475398,0.03291400088118207
241,6,40,0.08217777777777778,1849,0.08217777777777778,0.12399893112574804,0.0343820882514512
242,6,41,0.0824,1854,0.0824,0.12263781462221933,0.031115503942443907
243,6,42,0.08346666666666666,1878,0.08346666666666666,0.1263246170550524,0.033121426862595706
244,6,43,0.08164444444444445,1837,0.08164444444444445,0.12228537338597924,0.03219611581342373
245,6,44,0.08208888888888889,1847,0.08208888888888889,0.12152220901536757,0.03458799026935966
246,6,45,0.08248888888888889,1856,0.08248888888888889,0.11700040953225326,0.028364302424681638
247,6,46,0.0824,1854,0.0824,0.12043089438815563,0.029795760377558773
248,6,47,0.08106666666666666,1824,0.08106666666666666,0.1216274628437032,0.03463776482559439
249,6,48,0.08275555555555555,1862,0.08275555555555555,0.1264606515944078,0.03680256814601837
250,6,49,0.0828,1863,0.0828,0.12769782171564145,0.036516430345317805
